mp_id,formula,K_vrh_DFT,G_vrh_DFT,K_vrh_mace_omat_0_D3,G_vrh_mace_omat_0_D3
mp-861884,AcGaTe2,43.131,14.998,44.254185632880905,24.92240049995202
mp-1390618,SnO2,42.723,28.477,125.20546580415615,78.7073392582281
mp-983358,HfAlFe2,172.287,92.953,220.37493345039607,141.45342819255794
mp-600124,MnNiSb,101.928,50.092,119.683643225561,68.79397024242128
mp-1635,TbMg,40.716,20.807,48.0514397862411,29.023431708909353
mp-3384,Er3Al5O12,173.762,105.755,218.3292350701851,141.68059736982562
mp-55,Sn,46.694,5.892,64.07016297959593,-6.807000030029105
mp-4668,K(CoSe)2,50.314,24.198,70.48249958247128,42.7765840528586
mp-554352,Ba2CuF6,57.176,21.226,82.38189613960043,34.99700524100288
mp-862966,PmTlAg2,65.448,18.899,81.6375355125159,28.158933691205323
mp-973824,LiHg3,22.639,18.474,43.72786406714001,4.516761517992443
mp-11722,PrGe2,64.615,22.802,80.42601847017282,36.57130847987408
mp-7426,Ba(ZnP)2,55.357,28.964,75.89579284779151,35.167045063919
mp-675180,ErCuSe2,65.035,28.853,87.14481018421141,47.53103954641976
mp-974421,IrRu,329.122,156.327,423.94684149760974,244.5166582865087
mp-20552,Cr2As,155.123,75.452,177.74394941955032,26.08670457384592
mp-1008483,CdN,101.532,19.068,137.2631073754769,27.03954093592234
mp-1560,LaTe,54.332,21.792,76.0315494914519,28.46083485870815
mp-5526,La(CoSi)2,117.558,76.385,160.95464001676305,87.08401783835937
mp-11801,K3N,2.7199999999999998,1.43,7.177340560792946,4.570548080865093
mp-4494,NaYbS2,36.215,11.768,74.77529984620026,45.86689961055612
mp-13498,Tb2Mg,39.124,15.539,44.43794672475796,22.357965916797244
mp-867125,Al2RuPt,201.068,97.729,258.4142965439528,133.40251629648643
mp-980663,Yb2Mg,21.912,6.47,44.86881480899245,23.775262895973317
mp-644281,Mg7TiH16,63.812,30.422,81.457617668193,49.907446181621474
mp-977408,NbTlO3,176.002,93.616,217.27209515409848,106.89428184172799
mp-27954,CuN3,15.781,4.885,65.53977601885056,32.20606566125775
mp-915,YCd,56.99,28.662,69.5886278181479,30.470565605478583
mp-570018,Ce3Pb,47.518,28.668,58.9663634215489,31.847958098244312
mp-6950,BaSb3,27.116,16.98,50.916140497190455,25.957192024163227
mp-757031,Mg2TiO4,146.153,71.912,189.89493696533344,116.44537629920633
mp-7381,TbMg3,40.267,24.883,49.827334585174505,36.96064021610473
mp-978513,SmErMg2,40.708,21.424,45.821170064047074,28.855175263494427
mp-4252,SnPS3,16.223,11.956,69.72228563300938,45.26398332407439
mp-28174,Pd(SCl3)2,2.346,2.36,44.51175215677197,20.777388595103087
mp-1025165,Zr(VGa2)2,131.585,88.202,157.95572222080094,107.98320436045911
mp-27409,RbNiBr3,12.959,3.423,33.75784488493256,14.91989189947489
mp-23192,HgI2,3.392,2.493,28.52384272857059,7.827827911531859
mp-865652,TiMn2Si,207.779,105.768,263.54878378636636,126.0836360030786
mp-638,SrZn5,52.276,24.166,65.2371730603683,39.24100981385354
mp-31187,TiAlFe2,184.183,85.502,247.34113682874445,145.9134014693117
mp-976847,Ni3Sb,164.639,57.89,195.58499419807725,78.28720108823832
mp-1087,SrS,48.468,32.3,62.455375670046685,38.260356529618186
mp-1136,Na3As,22.238,13.902,28.525321348239107,18.55560078084403
mp-2490,GaP,76.335,51.463,93.36842573777416,53.09546911842011
mp-866062,HfSiRu2,228.517,106.888,288.6651886084937,155.91308636851727
mp-636368,Ga3Fe,102.587,66.476,120.64085949316818,71.69707667825794
mp-7132,DySe,44.941,4.976,64.09829451609168,30.22766651904127
mp-7991,BN,97.905,68.078,135.92612746876895,85.19654112767546
mp-631524,BTe2As,65.801,8.576,80.12445686594724,12.147193726141804
mp-3826,Ce(SiPd)2,124.834,56.202,153.99118457561616,72.21968387100554
mp-754434,Hf3N4,212.613,66.114,268.4243654677247,160.35521922886932
mp-865155,MgAlRh2,155.745,85.611,193.4790397252001,111.46960958855938
mp-4428,CaSiO3,76.748,39.815,165.42016554678904,104.87625956330547
mp-10212,ScGe2,80.354,56.949,104.5092766150824,71.98659681111988
mp-15297,Hf6NiSb2,131.265,72.06,148.89527843294852,72.10905139188023
mp-864796,EuCdHg2,37.559,11.896,57.31944646222596,24.952032153875532
mp-20206,ThIn3,65.84,31.631,82.56521265331875,43.15360810469625
mp-1079630,Ba2TaInO6,140.02,78.541,171.13496489949833,100.99867738347336
mp-1029312,RbVN2,39.935,39.756,116.30179433038641,50.82046102979105
mp-8456,SrAsPt,72.367,29.338,86.43365795117626,43.74250813359551
mp-567588,DyInRh,98.902,31.23,117.7744435550133,40.294880799479486
mp-4788,K(OsO3)2,129.08,80.552,180.63230469944858,84.77376963858383
mp-8307,CaNi4B,132.728,61.205,162.44551538658132,84.1122839079147
mp-752730,Ba2GeO4,64.347,31.103,111.2623648761378,61.74253081759007
mp-4571,CaZrO3,149.043,85.19,192.71918223641384,111.03466403944277
mp-23204,FeCl3,15.609,9.15,28.394428984883163,33.183573711679955
mp-862629,ScRh2Pb,139.016,187.799,176.98779487103178,56.92555014007648
mp-3706,Ho2Co12P7,201.47,106.337,244.97649925164353,136.24684626900694
mp-3061,TbNiC2,145.7,95.952,208.92226912713102,116.63737291428751
mp-865202,TmCdPt2,123.512,20.588,147.0759289235237,21.610735459949158
mp-1019055,ReN2,384.053,265.328,503.03193251604375,283.8628041225532
mp-778364,Na6Ti2O7,46.367,25.335,103.78718784636577,55.02523987534245
mp-866375,TiFe2Ge,210.464,127.259,300.5242106709405,177.48873531597633
mp-8062,SiC,212.682,187.246,250.82920515645498,177.9002424624601
mp-9587,TaMoN,306.124,172.722,362.22787481362036,167.15796484975837
mp-614603,CsI,8.224,4.02,17.13462792397241,5.340058858377011
mp-30227,Rb2WCl6,11.06,4.8870000000000005,44.771740197193886,19.76377325545063
mp-3951,Ti2CuS4,100.958,37.972,123.84330833902521,74.83563821674791
mp-865845,Yb2CuIr,69.855,33.64,126.80884440184778,51.39533105978081
mp-754483,Na3(CuO2)2,33.577,21.098,92.26171486666135,44.73095035038491
mp-1008285,Cr3Fe,239.14,60.631,306.9604456492301,10.546426121689818
mp-16342,HoGe,80.872,54.586,99.96947908922685,66.34383921205036
mp-752426,Li3SbS4,38.534,25.974,72.54955448417621,44.807452286394984
mp-27743,BiF5,13.737,10.508,99.35577406066972,41.90310465401257
mp-21366,Yb(GeRu)2,113.282,47.997,184.52380584237054,94.08971750318847
mp-905,LaF3,102.112,39.391,125.81661149105697,52.627596028004724
mp-9953,HfP,147.126,83.603,182.19633313061468,121.92983164584885
mp-643273,NaH2Pd3,108.766,34.066,149.06130636136396,46.61538924133942
mp-972228,Zr3As2,125.408,62.953,153.74078284684455,94.75393786087254
mp-30819,LiAl2Pt,124.378,59.706,154.59762051464577,76.27780435430059
mp-7092,TiSi,145.819,99.581,187.48190895556547,140.84767893517795
mp-862703,Sc2AgAu,91.964,32.821,110.11546415583211,40.66773250103494
mp-978265,Mg2ZnPd,72.28,25.948,95.01686467412492,36.741524130038634
mp-10844,Te2Ir,111.463,53.591,145.47851162352887,92.12525321800135
mp-140,Ga,49.645,8.836,62.99612532150612,12.142352976849724
mp-31496,Li2Sn2Au,47.106,21.387,64.15936620761303,30.226261880939433
mp-13816,Cs2NaErF6,31.129,17.633,60.113276253654256,33.06448019234351
mp-972119,SrCaTl2,28.313,16.901,33.88827210105425,22.41296454652002
mp-4552,ErInCu2,88.491,42.728,108.90054617717432,55.30177514569262
mp-865278,NbAlOs2,260.723,129.33,320.5188372175685,172.70389604405602
mp-20265,LiIn2Pt,81.018,28.966,111.33064897099621,42.404789856918335
mp-690789,K3ReH6,25.075,8.757,45.94749422889626,30.39963234573693
mp-863673,LiPm2Rh,62.498,22.513,70.51729330804314,27.2588641657817
mp-20276,U2F9,78.546,42.193,140.68658767361924,75.89442354922176
mp-570008,Sr3BiN,43.271,36.36,53.21023843913578,39.09316359808011
mp-755895,Ba3Zr2O7,119.003,67.526,151.48133522572985,88.49543330044678
mp-7918,HfGeS,126.583,82.007,169.64602629470104,100.13856657108549
mp-1025557,CoMoP2,212.426,119.819,249.74136498348898,141.93249729631177
mp-1400,HfW2,222.256,94.6,275.90743578921,114.26481084195716
mp-13829,TlCu3S2,41.713,15.73,82.79668959440582,32.28793890854889
mp-865230,TmMgRh2,116.23,52.742,135.17072234807307,61.341720310169734
mp-27666,IrCl3,12.169,6.513,84.09711612255973,42.842266560217304
mp-8218,PrAlO3,197.512,136.42,233.14972221839915,160.81080908789755
mp-864599,TbSnAu2,88.449,16.179,116.70651669103873,26.95259730572983
mp-15783,KSmS2,40.489,25.094,61.24841532930084,35.79056196861746
mp-29476,Cu3SbSe3,51.967,17.901,84.91393239754119,36.28715776725415
mp-862601,RhI2,55.598,13.605,73.87324950033256,29.825038221299536
mp-1009733,Ca2Si,36.951,24.717,47.63973303613854,33.52305261372783
mp-1023128,CuS,104.037,40.689,138.8871957784552,48.23610601283966
mp-1008786,MgTe,46.024,30.655,61.53039780750799,35.769221056660776
mp-1787,NdMg3,38.838,26.322,47.421219112473864,37.859084945636766
mp-973689,Ho3Lu,44.373,30.304,45.89896811016503,30.65676614891219
mp-975972,PrLuMg2,41.51,23.46,46.67441598787961,29.446067391249763
mp-16745,ErAgPb,66.619,32.98,85.95295730741262,46.32237830666196
mp-863732,Pm2PtRh,96.963,33.757,113.27206784880164,27.17472018750164
mp-216,Sc2O3,167.269,79.706,186.96251125891573,104.81984335983535
mp-1501,Al3Pt5,199.949,63.445,261.0668737713848,88.60495521883738
mp-977117,NaTeO3,137.484,78.761,141.1856136185878,85.36631348195532
mp-50,Ta,194.527,64.83,218.60556954722279,52.59966639550672
mp-1023934,MoSe2,9.262,6.3629999999999995,47.22698558653243,34.04666824667243
mp-865000,HfScIr2,182.895,90.315,215.71225062716533,64.25363575473274
mp-12505,LuAgSn,74.223,39.843,96.29280562354826,58.513881230563875
mp-973024,La3Hf,40.645,21.816,53.18983447058056,27.05845170535137
mp-972099,YbMg3,28.79,11.895,50.02604318378454,31.242181930997592
mp-1471,Zr3Al,100.33,55.844,118.50809934563561,48.60629722603824
mp-16646,PrMgRh,72.105,27.733,85.01357712982528,34.90191528506504
mp-1002124,HfC,158.82,30.036,180.1947813957086,58.50894489319857
mp-6074,KRb2TiF6,34.699,22.332,61.263841755891534,23.519258845225153
mp-1017509,MgNiH2,90.601,54.062,111.74878084085752,61.044916068624275
mp-1077,B2Ru,283.343,170.538,372.4288611102334,237.0753336618683
mp-20147,ZrMnP,174.291,111.101,214.49166123686277,137.07978161977215
mp-861630,Tc3Ru,303.39,161.012,355.7137749914696,154.6331273788593
mp-13925,Cs2NaYF6,32.42,16.618,58.63735901940976,31.56910649641014
mp-973561,LiCe2Ru,65.477,6.7,71.33578324245215,11.940476862338674
mp-27243,K2PtBr4,10.721,5.618,27.06665359957033,15.501178112855895
mp-29207,SrMnBi2,32.353,18.785,43.515204868708906,25.694338473760784
mp-8484,ZnO2,138.631,62.222,170.08135806261473,73.1190390789273
mp-9884,KFeSe2,19.144,7.483,33.02786951963,22.102172238706288
mp-865858,PaAu3,125.869,15.063,161.73700850537554,31.855553516431073
mp-866004,Er2InAg,65.736,30.299,75.48959834790092,28.91871439812054
mp-10463,YCo4B,173.919,65.313,186.16660354133913,94.05020612644411
mp-2658,AlFe,170.575,96.914,195.13404920389328,143.71463047467842
mp-21385,In3Ni2,105.586,55.446,116.63679354609769,58.61184853972235
mp-976968,NaPdO3,104.533,38.431,154.30277369754316,59.62633406954527
mp-7275,BaSi2,52.121,33.929,58.65726927212381,28.774340838850854
mp-1009770,RuN,260.463,51.935,307.6388699599075,86.90628341401036
mp-1014227,Ti2ZnN,147.64,95.909,221.80371658046104,125.71075300504788
mp-999450,NaSmSe2,35.686,21.517,60.49567041454288,34.56079010620033
mp-1018133,LiHPd,82.256,38.705,104.05872538362986,46.25764508871737
mp-7849,AlAsO4,23.997,18.753,133.1189763349351,57.78105095740403
mp-571506,TmAlSi,92.341,65.876,107.37498449445008,74.29797458713819
mp-4037,TmNiC2,170.384,100.038,214.0100956619801,122.24189083116664
mp-865240,Lu2MgIn,55.4,32.495,64.5110498685712,28.939202808588764
mp-861736,LiSbPd2,107.809,33.967,138.32694526933878,40.374750452644754
mp-754125,NdO2,126.323,315.883,160.0464356497225,43.194925317420996
mp-8635,Zr,89.974,29.84,124.77470071707033,23.439510387345678
mp-7374,Ba(CuO)2,56.503,21.409,100.01558416679575,42.39629074508299
mp-7554,LiMgSnAu,61.1,16.802,83.90453212794377,24.11146354808111
mp-550437,GdTe2ClO5,61.076,20.662,153.6759933880739,75.59679809151947
mp-13160,YZnGe,76.81,54.248,98.01792249494521,70.31401099268692
mp-11436,Er(VGa2)2,115.021,76.361,135.89076329729647,89.82457628252237
mp-4210,Sm2CuO4,142.528,60.204,172.70739822276155,92.87680585547214
mp-16263,CaZnGe,49.099,37.699,57.15056431569816,40.596593968128296
mp-4174,HoNiSb,92.38,57.242,108.41157464195686,70.54812482818222
mp-4175,ZnSnP2,64.548,39.275,77.60509666168424,42.45528097860207
mp-20900,Cu3Sb,90.479,25.292,139.0025990576617,42.01537616793894
mp-27760,PrSi2,80.53,27.008,97.66133637745222,63.822857869937685
mp-2142,Te2Os,130.119,88.304,174.5494416363331,115.983525555588
mp-22044,Sm2Ge2Ru,88.624,44.545,119.48997749845955,61.745976391210064
mp-989541,Rb2NaSbF6,33.711,17.354,58.32126698390323,25.77878645026188
mp-972442,SnBO3,225.06,73.067,289.55102469325647,86.18281777335031
mp-3223,ThB2Ru3,230.004,94.235,271.1035265919344,116.88834872505599
mp-867292,Ga2RuRh,199.112,92.754,233.36728080614256,108.18824770174199
mp-756094,LiFeS2,70.86,31.867,100.98070586456895,56.55195358404936
mp-867846,TaTiRe2,257.421,116.994,304.71619491168246,129.2364444004166
mp-867346,ThCdHg2,72.453,16.677,102.16930225763542,34.38051502465802
mp-8830,NaRhO2,109.969,59.556,178.00492069903484,101.15141364092347
mp-558781,ScTaO4,178.016,73.282,248.8467302090517,124.43579998226527
mp-553961,ScNbO4,166.644,60.602,237.00681340032696,113.44522029622065
mp-999540,MnSe,51.3,13.695,45.30146601638803,27.457943095236573
mp-2206,LuCo2,191.768,52.371,156.20870646501535,57.494348677694184
mp-865928,Ti2TcPt,201.234,72.828,247.95085982689304,105.01845051042162
mp-361,Cu2O,111.715,7.888,128.41698224614473,31.328067869201007
mp-1017531,VPt,236.927,116.114,314.103329470594,141.76287894746181
mp-7576,CrSi,183.655,118.732,203.6556504583099,150.2388901046744
mp-19832,BaCoS2,55.064,31.713,70.28390480060531,38.90943698331482
mp-973353,SbPt3,178.413,26.833,240.53243308788197,-59.338934770365
mp-1019551,BaNa2Mg(PO4)2,82.728,46.497,154.19013847628824,98.87492203356209
mp-999516,MnP,105.134,80.838,220.98396175664507,156.24305585999042
mp-20978,Ho3TlC,41.581,12.506,50.55665687499449,9.585231984781316
mp-21521,Cs2PbO3,35.148,13.531,59.08553047246625,27.673246344652068
mp-2444,GaRh,179.773,58.842,229.3833574714046,87.31347295836468
mp-13431,Dy2AlCo2,82.859,30.594,108.3840913427516,42.06389545118698
mp-1025524,Zr2TlC,115.186,77.68,170.12522748383864,98.4212617836744
mp-972899,Sc2GaIr,118.555,47.121,141.99028370268297,64.50469004293542
mp-30357,Sr3Ag2,21.352,9.351,27.858304259166506,14.635639718170022
mp-1025,ThAu2,107.422,37.338,138.16068139097138,46.17214432689049
mp-2516,YZn,60.055,30.473,71.40950025017229,38.10382132106879
mp-22882,YbBr2,15.965,11.345,49.08534782707526,24.25928123186399
mp-1023125,MgCuO2,126.208,71.609,187.37246459929324,91.9686389292706
mp-867191,Sm2TlCd,53.486,21.025,62.65854820200801,18.17114081302193
mp-974358,Ir3Ru,337.871,226.427,462.36891501818644,281.5736878460634
mp-10,As,79.731,32.38,102.71195460042316,40.92817402831162
mp-865091,HfMnRh2,175.043,62.602,218.19316932942712,57.413216814973254
mp-11232,YAl3,32.234,97.757,43.69881379830973,9.388314485805884
mp-27865,KMgCl3,31.053,15.706,39.9289131410838,21.47147313163839
mp-865471,VGaTc2,229.778,78.962,266.07169556967256,91.67588443614072
mp-21433,TbTiGe,81.218,52.977,102.07026399204396,62.777086815839304
mp-29136,Sr6Cu3N5,63.615,27.585,83.68113041089885,42.532358479380456
mp-516,LuSb,63.1,36.872,81.70122759742537,45.4705562731848
mp-997031,MgCuO2,136.108,63.634,191.6766135488879,93.89143734829945
mp-2008,FeAs2,135.973,111.737,169.09941896339512,118.0306557641688
mp-866120,Tm2TlAg,66.273,29.296,76.25261467117826,29.29533916388095
mp-20787,FeB,280.84,142.25,283.50405198132137,180.13769711178313
mp-862861,Pa3Si,108.501,59.249,146.6178397951729,61.72390106253839
mp-978796,SmDyIn2,56.106,22.203,70.44682933077242,13.29812748486228
mp-32994,Hf4N3,225.032,97.549,297.059578580545,158.14959474258953
mp-626785,KHO,30.922,17.006,50.31688339737216,26.657776172703834
mp-616458,Cs2CO3,22.432,8.493,47.07612549015708,28.513430656076853
mp-861665,LiTmIn2,38.577,18.108,62.03316699427577,33.927281642189115
mp-865100,NaInHg2,25.727,9.66,38.803382682571076,11.863563045400271
mp-5971,YBPt2,159.168,52.283,195.7907240229727,74.47630147497941
mp-562809,GdBi2BrO4,57.14,36.117,126.20532929328799,64.13882547401694
mp-558378,Pd3S,113.764,39.33,168.68511429441767,62.61018849308505
mp-862546,Sc2AlRu,110.743,39.474,134.7370214487479,66.03408089441945
mp-1025431,SmPt,97.548,32.196,116.77868029232198,37.010132355614964
mp-569523,Y2InNi2,77.414,40.912,95.58518071274378,42.11308543703871
mp-1025311,CdAsPt5,183.707,58.167,237.47038757891343,70.88242297288281
mp-977,LuIn3,54.557,25.507,69.75407663485112,32.95241258602257
mp-571035,OsCl4,5.865,3.473,76.81869044333575,33.9562576701294
mp-1029580,Sr4ZrN4,71.003,28.485,95.44503012268069,50.873218963918035
mp-972522,SmTmZn2,58.598,27.032,71.86330827315875,33.68607187708351
mp-978095,Pr2CdPb,50.071,18.011,61.93878867507366,8.470924288846554
mp-28896,CuBIr,195.576,67.035,274.13973504429697,104.70790030760712
mp-395,ZrAl3,102.705,84.766,115.10582042223226,80.97795540300791
mp-12061,Lu(FeB)2,187.743,76.06,216.3045051651178,120.52166522160417
mp-20174,Ni3Sn4,96.833,50.419,123.56241606443508,61.068068603246495
mp-4602,Tb2Ti2O7,205.081,21.568,212.07992988492418,116.8806005107659
mp-10824,ZnCu2GeSe4,55.144,26.528,70.19134934389575,31.22251884243064
mp-865067,Li2EuGe,34.651,23.508,53.4035044660135,50.568279335282384
mp-1009006,LiCdAs,46.662,3.251,67.27483287996728,34.63291488003376
mp-636212,GaFe2Co,157.963,15.311,184.89206167194232,45.33742499252853
mp-21321,MnSe2,66.359,30.223,43.72603254613176,37.47684373672861
mp-675464,CdIn2O4,132.026,41.566,150.42351189956588,68.81665310275831
mp-20261,Mn(GaSe2)2,32.669,19.199,62.33373808213271,31.87932331088937
mp-974063,HoScRu2,130.162,51.077,140.93999995634144,53.361655246835916
mp-1111,Mn5Si3,313.656,101.503,213.67549292471327,150.26975602592586
mp-768241,Dy2Ge2O7,125.554,48.501,167.5556484263962,88.60248688010758
mp-9056,ZrPdF6,7.646,11.439,99.75839468617437,38.45788069219213
mp-996983,AgAuO2,63.604,17.878,117.28400228578444,33.037584896380714
mp-5076,SrZrO3,143.03,87.474,181.28820788698619,103.87855669220419
mp-9166,MgCN2,96.751,31.757,151.26005233361366,90.27434638032918
mp-1299,SiPt2,206.108,65.451,250.97122396118155,81.89633122048257
mp-2675163,WN2,100.955,24.65,152.47839538842246,62.79036916607765
mp-2582,TiSi2,142.135,111.779,192.53392752654335,134.98029966382154
mp-542854,Mg9Si5,58.465,38.545,71.7370043211339,43.437272211965826
mp-2108,Ti5Si3,139.791,94.124,188.87496471392632,131.59414157240963
mp-7288,Sc2SO2,139.478,67.795,172.06560539074314,94.18280994254167
mp-7903,Cs2ZrF6,18.985,9.167,59.70834707595147,27.511916030853595
mp-10602,Sm3GaC,67.541,48.714,76.14105604874658,55.61878542268996
mp-29633,LiGePd2,121.813,37.662,156.57305977772378,55.5895629248772
mp-4316,Sr(NiAs)2,45.823,28.001,114.82549228187355,51.613620469941836
mp-18707,Mg3Pt,69.596,23.933,85.22884415959838,44.72693187987721
mp-912,LaPt2,143.888,60.396,176.32203191313428,64.77414008412055
mp-11714,SiC,213.331,188.708,262.6433502984925,212.84846578782202
mp-21907,NbSiAs,151.91,96.024,204.84379823389972,139.07675059727362
mp-6092,TbNi2B2C,174.217,71.075,217.0655683573954,119.41831799840304
mp-3415,Yb(SiRu)2,133.202,67.203,194.23917622099702,102.71853521069663
mp-21040,Zr2Fe3Ge,158.937,87.954,198.62520238676157,90.08050817815275
mp-9548,GeAs,20.046,15.662,80.29726832902504,51.71299877944086
mp-30494,ScCd3,61.151,29.259,83.56951717881735,39.306548986691546
mp-30595,CuSnRh2,177.039,63.304,227.89415861680976,81.2906545845397
mp-10528,Ho2AlSi2,88.264,54.353,103.91165764210061,79.33266563822649
mp-1205307,WSCl4,0.936,0.749,69.17872725256936,33.18080497281903
mp-15397,Ti7Al2O15,196.424,85.772,250.4132238622651,129.70007328467105
mp-1078526,GaPd,141.771,9.952,178.26377389683992,69.13309623218623
mp-995147,PbBrCl,33.6,0.906,44.98579161664139,14.514520926003643
mp-11515,NbRh,219.994,56.006,261.64008967336747,85.81146003557028
mp-12546,TiCu3,141.202,51.729,189.64005345786998,79.79029337513153
mp-1641,CrSb,73.845,48.058,57.957509344347415,74.34982591793998
mp-4406,CaSO4,64.243,31.298,158.85954518862553,93.22246530838133
mp-1016874,SiHgO3,221.487,68.309,285.7931252728942,116.96036392035165
mp-571520,Si,79.59,60.71,107.35837862253886,76.68767630587517
mp-23684,NaHCO2,25.163,12.017,73.91608748203299,42.64484980083693
mp-972238,Ti2VIr,179.691,84.534,234.7134493517474,81.31815081025387
mp-1025213,InPPt5,203.239,57.276,256.5645582935931,73.41302940202428
mp-559264,Bi2PdO4,36.71,24.815,153.43152492524084,73.97180932211643
mp-1029791,MgSnN2,119.793,61.364,150.75589667740655,103.41359139997134
mp-972808,SiO2,25.788,36.205,170.13594622613886,108.21378523865472
mp-1007855,FeNi3,193.048,95.457,238.6635038927903,101.97950466404987
mp-71,Yb,15.868,10.038,37.947001188808066,20.832006635868545
mp-867744,LiTi3O4,193.852,81.153,237.13771936617633,131.209716405163
mp-99,Er,44.76,31.02,47.418628507220234,30.419293778962956
mp-6772,CaBe2(PO4)2,84.663,51.832,188.7860355130448,125.7919989495899
mp-753195,Li2WS4,6.489,4.129,58.54273857924728,23.6279001203445
mp-22993,AgClO4,26.665,9.049,107.20730205153676,57.44523963162325
mp-11560,TiSiRu,203.131,103.155,250.05869825986227,131.42572343166142
mp-31160,CaZnSn,46.54,37.248,61.990457869291966,46.33597940890348
mp-927,CuP2,87.682,51.586,120.93134034735797,74.92374240904802
mp-1259,YbAl3,59.791,53.601,98.61564575740276,63.54868797339793
mp-21879,Ba2CePtO6,137.231,62.307,157.33345806339952,76.68904855818157
mp-4954,La(SiPd)2,120.576,54.617,144.3084256954542,63.376592409743076
mp-34023,Ba2NbO,24.277,53.855,26.77824050756947,11.842219590985861
mp-540924,NbTeI3,5.474,0.547,56.286460553947336,31.89778505531078
mp-865884,LuInRh2,138.075,43.403,166.1557090103535,73.86961748751595
mp-1025172,Ho(TiGa2)2,96.685,60.465,110.08086719913149,74.56556989828978
mp-984767,DyHoIn2,57.572,21.948,71.97334536423493,13.029162669945151
mp-570786,KNa2,5.733,1.421,5.374129723622334,3.2288837833284454
mp-861889,Sc3Tc,89.781,30.851,100.72532018630761,30.621802068077564
mp-496,SrSi2,58.246,29.769,62.52335481993547,32.49059288644042
mp-867127,ScCdAg2,80.644,26.055,97.5784291562937,32.536802541243404
mp-977200,Na3C,22.193,4.584,26.84878069329023,15.959998160054488
mp-2034,W2C,334.971,167.632,389.52899126422994,200.40866000108844
mp-9907,SrAs3,37.824,22.866,70.5534384569542,38.034831688203475
mp-16053,CuSiO3,31.454,19.986,167.10539734670346,86.7626604632767
mp-2930,Mn3ZnC,192.524,65.249,195.01995463016624,112.10364358346844
mp-5549,MgSnAu,65.619,28.043,87.59173158356592,41.086857990264065
mp-15988,Li2CuSb,52.716,33.809,77.48611220245138,39.562662078818725
mp-2713,ErIr,140.411,56.862,153.99286122771176,51.82772153178125
mp-983584,Al3Tl,49.964,10.322,68.65506642010591,15.009762388531744
mp-998988,Ti3Ga,109.768,29.881,171.9897954760476,59.21870130990063
mp-867117,Sc2CuPt,112.788,44.091,135.52481010060856,50.82164558645276
mp-30585,HoCu5,116.726,53.682,145.38942388206928,58.49413669334282
mp-754823,ErTlO2,87.263,36.283,116.50678597583321,63.11856446100416
mp-643409,Ba4Y(CuO3)3,103.322,50.961,118.96693652012537,67.16356980384025
mp-2349,YCd3,55.533,25.172,73.90588160287386,35.663296331254564
mp-999318,NiBi,88.03,36.741,109.49755416267453,54.0916850907341
mp-1014,ZrMn2,157.977,43.71,196.40128213619772,53.218616668958305
mp-22522,ZrCuSi,145.249,85.05,176.31372366089553,110.30444242827524
mp-1017507,TmAu,86.722,18.132,106.86921574493535,37.54142175302673
mp-23260,BaI2,16.076,5.955,29.318032736800582,13.536829450654853
mp-865558,AcTe3,47.939,20.884,56.66277633172332,14.841262613545538
mp-999460,NaScS2,51.116,31.329,79.43421056328138,48.64258588877319
mp-20499,Sc2FeS4,71.369,31.493,89.22200850557834,57.403513998682776
mp-672340,LiIn2Ru,95.132,41.998,115.55721276039752,46.212067456118476
mp-569220,ErRu2,173.521,48.395,199.38877945774877,59.9329340450107
mp-5505,U2TeN2,85.916,52.251,139.76540563242744,79.56631155390782
mp-3606,MnSiN2,184.321,91.55,208.01724014035662,141.6695613250779
mp-973088,MgInAg2,68.284,19.238,90.89108249569699,25.58255059687979
mp-4809,Ga2HgS4,35.968,22.015,73.72760201707321,34.92811643089794
mp-23209,SrCl2,33.615,14.668,41.03364339041769,18.80473458403463
mp-1132,CdO,127.369,44.447,159.22188333954938,56.79956756981224
mp-7474,Cu2As,110.379,26.428,145.05026919690255,49.153563166060785
mp-11023,ScAuO2,134.634,43.218,160.08915853545935,82.7475001513728
mp-12120,FeN,293.289,175.639,358.08711509725833,188.327633327917
mp-755552,LiYS2,69.089,43.12,80.57808048341629,48.76558643360159
mp-1017629,MgNiH3,109.663,26.812,119.36002268369612,51.57772474623642
mp-1956,TmGa2,76.021,50.722,96.36074877546623,60.72231722498508
mp-9330,CdPS3,11.099,6.8469999999999995,79.57376234026178,42.16996453256232
mp-867202,Sr,11.444,6.8870000000000005,10.67908643559179,8.53771114875543
mp-22687,BaIn4,33.333,16.521,43.23141064739792,22.317916790911276
mp-20716,PbSeO3,35.364,7.251,113.0471889810998,53.057164830039525
mp-7897,K3P,13.975,6.039,16.773183221415565,10.60892988031026
mp-1722,Zn13Fe,83.349,42.179,108.37243690457629,52.83826251956025
mp-1008282,Cr3Fe,227.443,93.238,220.63746370683762,97.19901734993776
mp-35388,LiSmSe2,43.726,27.524,73.29207023264243,42.240825445459095
mp-642822,CaC2,58.929,20.203,84.90522593881067,51.22069609590318
mp-1509,Sn2S3,16.845,11.679,77.85842116225393,38.73414206738355
mp-975793,PrTmTl2,51.881,16.163,68.91976758944554,9.803751827236885
mp-29661,Si5Pt6,180.761,70.297,234.840159409352,100.94801996965799
mp-203,NiTe,114.446,31.57,124.82569975216353,44.23735865048189
mp-1105780,Bi2O3,33.361,27.707,140.42177709083032,66.34519121829202
mp-864952,Mg3Ag,47.879,33.169,63.77339432817355,33.875328939336306
mp-504935,K2PbO3,38.231,19.096,71.10423996701586,35.88829418916956
mp-74,Rh,252.9,150.16,334.2326652509403,178.69317620218536
mp-19717,TePb,38.461,24.006,47.83398949402294,21.838875963769524
mp-10060,DyBPd3,143.573,17.014,170.76200559631272,32.488902186826685
mp-867507,TaGaFe2,222.56,126.478,279.3774705889733,151.84548768376047
mp-865097,NaHgPd2,80.025,24.87,108.32868173903074,23.306250638418902
mp-20905,OsS2,193.971,139.154,251.30066111840364,158.5691807135998
mp-1539,ZrTe,94.136,55.771,117.42951928660169,78.8981954255673
mp-4595,VFe2Si,243.627,2.215,292.5473929829316,170.63527070449425
mp-2348,Zr2Au,119.202,46.202,147.74658582076506,40.711191131008086
mp-1002206,SiC,252.718,221.298,352.21464158457815,317.63400927939216
mp-997084,RbAgO2,40.617,18.339,62.803015820516464,36.27647351008613
mp-861600,Ho2ZnIn,60.928,31.772,70.83018898795315,27.18731932415875
mp-1184,La2C3,106.014,11.549,137.72200562737638,71.7956641080704
mp-29175,Ca2AuN,59.67,26.965,79.33251285275152,41.92301336982713
mp-960,B2Mo,303.426,158.777,398.55926062461134,218.7697959768647
mp-982664,K3In,6.456,3.082,7.69315963428673,3.442921279640681
mp-4826,CaCuO2,120.874,63.044,135.4714718720456,77.45821133236632
mp-1007,DySb,60.478,34.856,76.76368032901189,43.69040073415157
mp-977399,LiMgPd2,84.673,40.498,109.97948993135616,47.01181308478696
mp-3148,Dy(SiPt)2,145.085,12.014,188.31574121455364,72.01858000684693
mp-1775,SnAu,72.865,20.977,99.51027442737121,32.63182406982484
mp-989635,CaMoN3,106.478,46.526,176.57311045982408,81.01816059872998
mp-864789,Yb2SnHg,39.222,30.672,75.20124915254694,10.070568159863894
mp-541627,K3Fe(CN)6,18.725,8.879,101.20654489244939,37.803696096719605
mp-754040,CeSmO2,141.282,73.418,150.60077059622282,77.06154960488881
mp-21888,Tm3SnC,40.815,8.526,48.2464741138633,8.58293039300585
mp-1388,DyRh2,154.129,61.485,183.74151588190432,74.85589661083247
mp-11358,TaCo3,242.198,141.455,289.8576817749263,148.6556730145062
mp-16496,Al(CuRe)2,210.864,90.488,260.60074923353886,100.7429563361057
mp-861479,PrYMg2,39.202,22.951,44.567037770717626,27.918671568782063
mp-875,AlOs,236.689,124.889,268.51485233662385,141.07846502880017
mp-867788,TaGaOs2,268.88,122.335,323.0816757125094,157.41311588089488
mp-2388,CdTe,46.602,19.072,69.24132371767817,27.819674173311892
mp-9814,Cu3SbSe4,60.879,20.692,67.99197454241826,22.987087632662004
mp-19971,ZnCo2Ge,179.248,26.3,215.00177367313148,91.92400636166332
mp-2050,HoSb,61.329,35.415,77.49785596683603,44.25216143169929
mp-1029784,Rb2CN2,25.925,11.927,55.260265341558494,26.45472600091204
mp-989530,SrTcN3,100.89,42.097,166.6188302760265,70.34046813792988
mp-978527,SmDyTl2,54.144,16.825,69.5056053440262,10.104205199677141
mp-1275,SiMo3,251.363,129.281,308.0334738254672,151.6550663308099
mp-862830,PaTlAu2,99.51,24.885,137.0285710783093,35.65572185312063
mp-11520,YNiSb,88.707,55.328,107.0064391185404,68.7836900849194
mp-3804,Sr(PRu)2,87.317,50.755,156.2128686435162,81.90173018347843
mp-3486,KSnSb,19.885,13.626,33.234330931935645,21.50563337517798
mp-862871,PbCl2,29.472,8.309,33.395409787023006,10.854277873213455
mp-976598,LiHf2Ir,142.948,57.973,164.34985369567147,65.35462963923143
mp-20549,CaPb3,38.108,18.658,49.02745255164116,16.95395211252822
mp-753495,Sb3O7F,169.58,105.424,197.27494228762205,119.33431756993082
mp-583266,MgZn,54.259,16.418,65.26317367099172,35.55999114482038
mp-1007824,GaN,50.017,22.424,79.44309700162496,36.03789089704093
mp-977439,Ce2ZnPb,35.63,16.368,53.8836048678764,-9.301111231449855
mp-832,HoPd,94.522,35.725,103.50971838785587,32.84114806638149
mp-1100,YbC2,64.179,8.69,184.85790295034934,83.85588704473037
mp-22973,NaMnBi,23.646,13.384,32.82206446101525,24.15936597939435
mp-505804,Ti2CuSb3,90.931,51.886,124.74873618922943,78.11056636879695
mp-1016442,SrMg6Ga,29.542,19.932,38.138795444172345,22.39496625855525
mp-862986,PmBr3,3.842,1.7469999999999999,33.117240242331164,15.833731849723883
mp-862720,Sr2CdIn,26.36,15.966,31.225079063012256,20.192494313117848
mp-8623,K2Te2Pt,22.506,10.459,42.78342275080625,18.82886668384236
mp-16341,Li2HgGe,41.262,4.176,56.905435147492106,26.917906417338777
mp-1008490,BiI3,34.173,1.423,48.056545884990165,-14.93566445113114
mp-505599,VNiSb,142.304,47.873,155.6811286068253,88.6662734758565
mp-9060,RbPdF3,67.565,22.825,76.27046732652585,30.234220524309592
mp-753260,LaAgO2,90.615,23.117,106.37344165180797,42.91696580275645
mp-10178,LiMgP,55.743,22.303,77.28998981535837,51.95756843891414
mp-866192,Li2YbSn,34.107,29.306,61.08411920076009,52.48285346988062
mp-976793,LiEr2Ga,54.254,36.081,57.532860431321836,35.38534878920966
mp-7926,TaSe2,22.817,13.913,124.95400039978603,75.99428505024943
mp-29520,LiAuI4,6.138,3.8,35.65675273611495,14.636747004738526
mp-5841,RbCuC2,16.425,14.044,48.15139685304949,22.71904371617927
mp-10398,HoNi4B,150.211,79.36,197.3164172562569,98.83753368501651
mp-2347,NiAs,116.72,18.447,153.59249211580843,37.85002143254714
mp-1018053,InCu,68.624,19.561,86.5876522059651,37.379429668067985
mp-3721,SrHfO3,154.085,98.02,189.37099291832936,113.78172754614107
mp-1540,HoTl,55.065,19.277,74.26293013629186,10.832674170387675
mp-30365,BeAu,148.197,42.582,191.54329978828767,73.11356004669484
mp-973141,ScCdCu2,90.97,37.258,115.64872681078427,47.122186218229444
mp-984627,Dy2ZnHg,63.653,27.597,74.74805331756714,27.587315265844897
mp-865038,HfTaTc2,222.224,99.455,255.6377788929041,97.15930360992715
mp-27984,PrClO,72.722,33.187,112.04111209943572,47.64644451672663
mp-12072,UAu2,111.096,48.418,149.1064003806664,60.53075119162004
mp-1601,TaRu,253.312,75.517,274.1907136747654,74.83056274131036
mp-981365,V2ReRu,268.222,126.088,315.9844674246396,129.1893007909013
mp-23,Ni,173.808,91.592,243.49703514963107,96.5097742420973
mp-1078278,CrB4,274.936,261.781,359.6498282426042,311.74673101593004
mp-569708,TiPt3,234.145,105.465,313.3722492950432,136.0071861880772
mp-9318,KZrCuSe3,30.478,18.801,77.43243145494127,44.27987060922982
mp-5749,Cr2FeSe4,52.11,33.226,76.60895279915395,60.30010053509475
mp-2879,SrSnO3,137.515,74.953,157.99593708655914,94.45532776717457
mp-6613,Ba2YTaO6,137.826,79.834,169.39596393642395,99.46690037115769
mp-30053,NaCN,18.145,11.602,52.91626395383588,28.737844284129988
mp-30835,TaPd2,205.117,73.846,257.794133884423,94.1175544167029
mp-1025229,TiGa5Co,108.798,50.857,134.39598869162822,62.943421391962644
mp-8354,LaF3,109.184,26.885,126.79658690143388,49.77742582541711
mp-143,Tm,45.516,31.32,46.098640803358855,30.62745388363558
mp-3055,NdB2Rh3,199.655,90.324,246.73622853580255,115.09408557099775
mp-13070,Sc2AlC,86.185,56.9,105.68510573722553,66.15425049815211
mp-979459,Sm5Mg,35.469,16.772,40.203392529476446,20.130928339495494
mp-559044,CuCSN,47.668,19.3,89.59841898703743,47.245034510029534
mp-862705,AlZnIr2,220.942,108.285,277.3298379386982,136.74529603695385
mp-1432,Be2B,144.862,92.441,205.45905481305775,174.77702921751754
mp-865757,YbGaRh2,130.602,55.665,182.47162122784545,72.9597750593244
mp-1017985,TiAg,102.455,28.597,137.68475102792112,52.45516847171487
mp-27689,PH4Br,14.902,8.571,52.26011302913851,27.39404553043831
mp-1017377,Mg6SiB,46.07,21.502,63.392056242133954,36.095919205512715
mp-568789,TiSe,112.457,75.306,125.95794913309635,76.09690059120682
mp-558392,Bi2Ir2O7,202.159,15.516,205.74339299057712,108.55858060610817
mp-546621,ErBi2BrO4,69.714,36.579,129.879632772003,69.15605305848837
mp-20237,CoNiSn,160.052,49.515,182.84684624250522,69.96169423661382
mp-8470,NaPrO2,84.293,42.149,122.4625721874946,69.21026577499607
mp-1191390,TmAlB4,181.007,153.686,224.02076397655438,174.5500496614777
mp-974527,NdSmZn2,53.007,28.981,68.779246443297,28.47702560468792
mp-22756,K2PbO3,39.098,17.293,70.55050399630764,35.13693114167769
mp-10965,DyAgSb2,67.671,36.442,88.34580072985668,43.78533632418349
mp-567389,Li2ZnGe,42.925,25.919,58.86666773871382,33.54047808320157
mp-571271,TmPt2,169.621,75.074,198.75935094528327,89.10340344162582
mp-971958,Tm3P,60.974,21.319,70.31316398519417,35.2650580330997
mp-867762,DyMgAu2,84.578,20.809,97.53245900365195,38.07788410688217
mp-977011,H3PbCI3NF3,9.507,5.147,54.569354199360625,31.02818662022719
mp-1019054,ReC2,348.768,194.625,398.4223945078197,245.32451622260916
mp-12070,CuAs,106.034,24.932,133.4667449406181,54.630883416259685
mp-4157,Sr(NO3)2,31.616,13.799,127.16771160690475,68.89999108604157
mp-13108,SrHfO3,156.926,91.657,186.70530437182967,110.50882984507247
mp-30351,MgAg3,77.693,17.218,103.82218861150824,33.60293317922899
mp-865195,TmGaRh2,147.294,55.923,179.50330828490533,73.60138203043961
mp-2297,NdC2,101.733,37.086,136.37386561322248,56.596152375653155
mp-31018,SrAgBi,35.76,20.895,42.487837840196434,26.807025912073758
mp-5090,Ti2FeSe4,57.172,41.074,109.34815414581004,73.8283868239596
mp-979934,YErHg2,63.799,28.694,78.53223468190517,28.806053542649636
mp-567412,Y5Sn3,62.369,45.075,76.80223943122594,53.861731860853915
mp-975321,LiSi3,40.544,1.5819999999999999,76.28013963741601,29.073037722239853
mp-510076,Rb7Au5O2,14.598,7.755,26.601323912496685,14.372621773735972
mp-1975,TmN,172.542,137.49,209.8971786362362,158.70735749649515
mp-1025370,InSiPt5,198.864,66.434,249.6845118055639,78.87240562529216
mp-2449,NbRh3,248.556,148.259,312.44835882030884,165.56806582223115
mp-1018714,HfGaCu,125.165,70.481,150.0324065797467,89.5187576057828
mp-1019259,SrSnHg,36.162,21.448,44.31130492857707,28.9342235255821
mp-22901,KI,12.418,5.209,17.362158030716216,8.061418107593209
mp-30981,Te(HO)6,26.626,18.976,130.60231356230182,97.6467504941881
mp-10039,Pr3AlC,61.702,40.798,72.0337796680905,46.51405885259443
mp-1078,CaCd2,39.906,23.145,49.22225926580756,25.076876402806832
mp-30564,ThCo,101.93,22.233,114.3681549420153,36.68890853848996
mp-437,MgAu,81.405,25.035,107.17095161364934,37.45212992174396
mp-11286,CaHg,36.327,19.466,46.62000560979176,24.716400997313187
mp-8039,AlF3,124.366,76.51,139.92422637788786,82.9523221473576
mp-865191,FeGeRu2,223.605,101.794,274.71158399492754,109.98083134873636
mp-978083,Pr2ZnAg,52.345,20.487,64.19862974715092,19.626337787234988
mp-982869,PmYAl2,60.622,35.164,75.84543065231091,24.469621428985597
mp-972828,Cu3Si,136.43,53.369,186.44225827555945,64.24467050619269
mp-10161,KZnSb,24.144,15.515,29.33311699996865,20.171761403666775
mp-1332,Si3Mo5,240.773,121.292,272.3484497226645,140.05548097669288
mp-1046056,Ba2TlBi2O7,27.729,8.573,95.5935139282802,44.94692903892963
mp-2644,CoSb,148.223,69.404,164.1572572386976,91.87673651124041
mp-977542,LiTbTl2,42.072,17.115,57.2507352309746,28.024105200723834
mp-754326,NaAgO2,58.425,26.511,91.31619517917675,43.296518586225176
mp-973316,NaLi3,11.571,5.99,12.5213594618768,6.974298251273118
mp-8883,GaAs,60.75,41.228,77.40420945763034,55.981586185746266
mp-17332,Sc5Ga3,70.414,68.245,81.19849830707842,50.44172603863454
mp-1025350,Nb2CoS4,22.211,63.614,152.6845918720379,63.69521234335763
mp-20999,La3InN,65.083,41.796,76.87644114816635,42.82833197492076
mp-865523,TiMnRh2,183.807,75.228,218.88661748039152,61.27340910304583
mp-8697,ScBO3,158.788,71.217,198.46185421262808,119.253275400431
mp-4510,DyNiSb,90.475,56.439,108.61837587154714,69.94838546452715
mp-546973,SrSnO3,142.602,88.097,159.87384399621615,95.89946524922786
mp-19816,Sm2In,48.746,20.676,59.45733014800997,28.2725595541733
mp-560358,Zr2P2O9,85.09,47.769,213.153026345883,116.68887498896123
mp-350,Zr5Te4,68.334,35.885,106.19614761547851,66.14370650563879
mp-1002210,EuS,79.757,18.648,65.11028154069245,32.87151275438342
mp-4815,Pr(SiRh)2,137.912,83.789,185.39773005838293,93.51808619322811
mp-16526,AlPt2,203.954,60.327,267.52887209673025,86.89567937504044
mp-865355,Zn3Pt,137.109,52.461,165.37200280409576,54.49767761993275
mp-980760,SmNiGe2,99.958,44.624,126.75230757069127,73.89947827842397
mp-865731,Li2HgPd,52.245,13.98,73.61894946392226,27.767856381494042
mp-985439,BaPAu,57.169,33.396,74.30859657194715,41.12304254628524
mp-864620,CaSmCd2,42.683,22.585,49.30878997015808,28.619674688801442
mp-1804,Fe3N,253.773,180.178,146.74182859809395,102.57814731079846
mp-1025349,Sr2ZrO4,117.107,66.772,145.52888600452852,84.13114096469194
mp-13263,Ce2Mo2C3,136.107,81.553,219.81193835235396,112.4032138158173
mp-20012,InSb,36.737,19.944,46.10412500075497,22.2252904839416
mp-570677,Ba5Al5Sn,29.211,18.994,40.22403024849591,28.4512896100818
mp-10446,Sc6NiTe2,71.461,15.21,86.05413178409802,46.832192594470854
mp-29647,SmSb2,58.083,28.693,77.05025438906607,39.84642864296366
mp-862473,Sc2AgRu,111.847,37.977,137.33615176941734,51.32684545448271
mp-22996,SbSeI,7.09,5.167,51.1290494048744,27.326080988417264
mp-974415,Re3Pb,244.499,26.112,292.9696767863449,46.412247203230024
mp-1002230,PuBi,33.229,0.486,61.8665894165518,133.6699222854064
mp-22769,TiCoGe,168.613,76.495,212.32575253758876,124.55561313158869
mp-11957,CaSn2Ir,75.338,38.941,105.12397880448964,44.85052030813832
mp-978964,Th3Mg,52.8,28.975,59.722276469697654,32.60438485663861
mp-1008928,EuSe,38.732,15.025,55.28222632578586,28.9577126792338
mp-21188,CeNi,71.273,15.258,81.23032293702566,14.510620541683071
mp-30371,Cd5Au3,73.514,11.916,107.90562674994831,29.48338075587574
mp-22908,BiCl3,4.002,3.6950000000000003,60.626995259458084,25.968887496694737
mp-760432,Cu2O3,95.16,44.243,185.40175837145426,80.20885395012563
mp-22752,FeSn2,80.683,60.881,107.81916306998684,57.60136788712221
mp-979962,AcYbCd2,36.361,18.723,54.127911041576596,23.89209584503042
mp-1476,ScS,99.417,53.382,136.64646367848422,74.15084769369199
mp-31510,NbCuTe2,65.953,37.452,115.36451414172255,68.84374490868775
mp-754567,NaCdO2,69.553,28.076,112.11052598751145,41.37100018660851
mp-864915,HfBr3,5.026,2.429,53.17583642774137,31.57696057890334
mp-470,GeO2,202.915,130.151,253.78591221535112,148.4381982012657
mp-1025323,Dy2Cr2C3,160.099,68.541,212.08848610127495,110.9920226456435
mp-2022604,Ag2Se,25.252,12.062,93.34514137949849,25.3924956992278
mp-1018709,Hf2GaSb3,93.197,62.432,115.77972053817248,76.32912074504488
mp-975801,PrTlAg2,61.809,18.365,76.7669623403911,26.80421625910761
mp-867920,K2Rh2O5,84.38,47.77,124.37057543788146,56.162916756755955
mp-4998,Sr2IrO4,128.645,47.185,167.45343965293827,79.08352068973355
mp-5723,ZrAlNi,130.593,73.136,161.06524146777997,60.184100364972196
mp-450,NbB2,286.562,201.475,381.96242159726046,246.92786285884068
mp-4962,CoSbS,113.942,77.053,145.64106274739555,88.38927052850315
mp-20796,InPt3C,196.047,7.245,239.28925818524084,-14.055298118326393
mp-13277,BaLiP,39.363,29.534,45.95825617561935,31.9610883403293
mp-3536,MgAl2O4,182.861,98.235,224.45188259619482,156.13323823996728
mp-22568,V3Ga,168.668,52.731,227.0766231129327,105.21643958017867
mp-962077,TiAuCl,68.261,5.193,81.92917890087678,23.91392420294264
mp-3346,HoZrSb,80.205,39.455,98.86127125961646,56.70483469409825
mp-505824,Cs2PdC2,27.319,12.019,40.13436546927273,16.34643007512104
mp-23933,AlH3,27.922,35.304,84.41536888920764,58.04731996629665
mp-1773,ReB2,337.733,276.94,427.7372240858668,310.04093770370133
mp-559976,Ta2CS2,34.146,23.124,234.7418174162727,140.54880131474596
mp-7472,RbAuO2,28.089,12.606,49.4770124984767,28.25677790068225
mp-10931,HoSF,110.246,56.989,126.58461560620452,65.95736545592175
mp-22707,EuAgSb,40.661,27.11,60.98617714106238,38.68371870978628
mp-865320,Lu2PdRu,115.779,46.14,134.72677761978326,51.738382350552996
mp-862815,LiScAu2,82.368,15.743,105.02816194193593,35.07089647262064
mp-569671,ZrSb,104.291,59.306,130.92041901432182,76.57304468828609
mp-5821,TaAgS3,82.882,36.596,142.61349376374076,70.10458567940407
mp-1400172,SbO2,68.54,37.802,134.74699791865655,65.04672468547663
mp-38605,Sn(BiTe2)2,16.764,13.418,53.76984216230798,21.09553836633753
mp-861974,PaCdPt2,145.981,32.81,174.58718576073227,34.311995839404744
mp-864898,Na2TlBi,22.587,16.745,27.63713631715299,15.867897321218308
mp-20070,GdTiGe,73.046,43.448,110.77491178068766,61.76875772772416
mp-2781,ScPd,110.671,32.904,127.64886720458749,38.59997370180273
mp-22412,Ba(MnGe)2,50.054,34.428,69.45388560918208,41.10960641176207
mp-4561,UAl3Pd2,116.197,63.137,138.6914934170025,72.78647966726398
mp-408,Mg2Ge,49.429,42.782,66.38139749187971,47.04790896195439
mp-23507,InSn2Br5,11.176,6.001,31.921623560144443,14.20400918120295
mp-9172,Li4TiO4,79.937,43.617,129.16644924085077,75.41481008454588
mp-10750,Dy,41.225,26.058,46.556219499944575,28.536192536817026
mp-1185209,Li2ZnSi,52.049,42.979,64.05760008995549,51.92644370769563
mp-1029595,Na3OsN2,41.387,20.467,94.89617288161577,44.19535244442295
mp-972845,SiMo,199.027,101.53,228.82904172077176,128.894830481486
mp-755544,YTlO2,83.732,34.596,109.6843403281303,58.856907383084874
mp-975834,MoRu3,295.76,165.564,357.7352982872363,184.4200090690043
mp-22262,CoMoP,244.767,123.348,314.48211520611846,151.68734523907455
mp-1018148,ScAu2,117.569,46.472,152.21225534162554,61.216764538694584
mp-17702,Yb2SiO5,81.431,30.023,198.98260860591284,117.65112642777449
mp-5046,BeSO4,37.858,34.279,165.03087867016325,101.704047094725
mp-34903,MgGeP2,63.914,32.097,78.32768108210821,36.89776070015502
mp-867123,TaTiOs2,267.946,94.516,307.7525554732133,124.81794043608362
mp-5605,Ce(SiAg)2,90.121,51.335,117.23756460930356,65.84520324872238
mp-3281,Al5BO9,159.267,78.213,198.32045024127967,128.41150828817328
mp-5729,YAgSn,71.171,41.828,91.57650305283397,58.25844462568311
mp-866081,MgSc2Os,105.142,25.439,120.69170718261562,49.69389463048762
mp-29658,ZrNiH3,166.689,69.397,192.13744227660305,111.91145928586099
mp-10739,TiPRu,219.7,102.358,282.1438346807386,130.12340601870605
mp-1424898,YBiO3,113.052,19.427,139.4448859709507,29.559120293866957
mp-1018689,ErZnIn,65.841,40.822,76.9592828934221,53.80520677202096
mp-1240,HoS,99.911,42.662,130.021739837592,62.158144144570684
mp-2078,TiCu,127.744,62.551,178.1133981795377,71.99205283718705
mp-4652,MnRh2Pb,151.048,28.127,189.63408438907598,48.60145013654158
mp-2725,TbIr2,196.495,86.675,238.9765301066289,99.20377361376359
mp-985283,Ag3Ge,82.772,10.842,112.54854895605541,11.209359004455598
mp-4227,BaVS3,46.423,2.098,85.30082375598029,43.26586437617572
mp-102,Co,200.587,120.256,233.31607032898845,103.24578252767716
mp-570568,W2NCl8,4.479,2.06,77.75069727384539,37.19420735558007
mp-2626703,BaCO3,50.172,19.045,99.27055571561671,49.71692741908375
mp-864631,LiNbRh2,175.191,56.338,197.27612113661164,68.41854489599753
mp-21318,PtPb2,74.915,19.891,103.85497057759106,25.96742185317881
mp-567406,SmZn5,76.323,41.622,98.04181927041293,57.617356149480244
mp-910,NbC,296.238,180.981,383.6661366319026,205.39823491654644
mp-1705,Sb2O5,125.537,75.478,211.49355034370382,129.3020471652197
mp-10261,TiNi2Sb,137.552,27.593,183.5940944064965,35.812914142404516
mp-720,TlF,6.828,4.15,27.140703815595153,12.315663990790098
mp-10086,YSF,104.335,54.195,123.40205310944722,62.51509173265851
mp-13436,PrMgNi4,113.482,48.482,129.20112772276738,60.42072982660023
mp-34240,NaZnAs,42.014,15.206,56.42964833908762,38.14649130973441
mp-22863,CuI,6.287,11.412,55.38044355580763,15.218822323916866
mp-13900,Sr(CuO)2,68.022,26.331,110.27767634524788,50.853434653377285
mp-10755,TiFeSb,119.461,56.301,175.03477432327284,101.8639747804124
mp-553310,CsCuO2,29.967,12.092,45.72026083746557,24.701438938858274
mp-757,Li3As,34.809,30.48,48.79291580271037,41.81760187992278
mp-2802611,H3ClO,8.222,4.34,36.33204589217832,23.72696333639093
mp-258,ZrV2,138.858,8.879,180.2359311943903,35.13716125718292
mp-568565,CrAs,97.069,68.271,120.13688742551513,117.6801978174996
mp-29417,Na3ScBr6,14.933,6.566,31.21350300059623,15.82465769132477
mp-603347,TiNi,145.461,61.591,186.40484328827003,62.25223000309049
mp-8102,W3N4,344.254,70.766,399.803737479883,158.47140404255435
mp-5175,NaInO2,90.689,50.611,131.11004495939076,70.7337651107231
mp-29398,Cs2HfI6,6.99,4.16,28.593544841002018,14.84223805817361
mp-4454,CeCo3B2,321.221,472.294,248.61636652089308,123.56758331867931
mp-2033,Ni3N,201.929,73.848,258.51383967975045,88.9306399595163
mp-31038,CuSe2Cl,5.622,5.1370000000000005,66.26844958483585,28.082512563643267
mp-555056,SbS2NCl6,4.891,1.901,52.35201778995887,26.522073279632192
mp-752849,Y2Pb2O7,139.254,70.675,153.90156485587335,80.90267519282996
mp-5072,Rb2HgO2,23.964,11.792,40.477764550735635,20.97622109294776
mp-864936,MnGeRu2,227.345,109.437,283.41856024260244,129.2392127576139
mp-1426094,AlSnO3,152.634,53.245,128.46639611624127,73.79730872655303
mp-1552,Mo2C,295.211,151.829,350.31651235717493,183.28426828437364
mp-864788,NbInRu2,210.794,96.619,246.62277343824047,117.02086655265757
mp-549158,InCuO2,120.572,35.461,134.50387146391813,60.620433651756436
mp-997616,BaC,37.274,2.787,36.99739109530345,12.403026513882931
mp-631536,KBIr2,136.47,27.99,175.07511560412732,31.527630042561285
mp-864606,AcCuO3,163.571,81.723,185.97512935352458,91.53955104254355
mp-10695,ZnS,69.082,33.55,78.77936694434209,39.40035395967898
mp-6961,Sr(SbPd)2,69.54,20.054,95.80137120253568,37.1130769204549
mp-557266,HgO2,41.06,15.676,99.79103192268659,26.94918180281212
mp-754134,HfZrO4,203.819,98.598,232.16586831549284,112.6874807364239
mp-977310,OsAu3,183.641,15.146,232.02615582902507,53.544175034016476
mp-23709,Mg(AlH4)2,17.913,7.326,49.191862352522826,26.495187271412025
mp-30344,Li2InAg,43.023,15.372,53.57582156392127,26.632492230826397
mp-1345518,CaTi2O4,155.411,86.945,213.4133019775697,106.91762621935021
mp-11366,ZrZnCu2,121.262,42.491,164.93212163817063,72.5742643385609
mp-35035,KCN,15.286,7.891,44.72066424077925,22.145441204793777
mp-328,Zr2Ni,117.807,20.086,145.94011382023135,33.39356774619909
mp-568587,CrCuSe2,79.768,30.456,85.44064164520498,50.4411970843481
mp-23041,SbSI,6.858,45.967,55.01720267822841,29.058718607465295
mp-30825,PaRh3,212.903,92.757,246.90530845310516,100.40728233882827
mp-510557,CsN3,15.276,7.301,44.20149883606208,25.22403824903869
mp-30472,Ca2GaCu2,53.652,25.146,60.393311387761024,29.243654145192952
mp-1216966,TiCrB4,277.905,223.639,328.87783117878337,290.66364822226046
mp-1039106,SnBi,49.232,5.49,67.16135538347096,4.432035321102077
mp-867979,LaInHg2,52.025,11.561,76.02276835249073,25.879540800529618
mp-7364,Ca(SiAu)2,93.089,36.257,121.06549167426914,47.09344601729073
mp-10010,Al(CoSi)2,187.321,97.117,218.1826966021663,127.87967875520421
mp-92,Si,107.613,62.896,132.20066223774438,70.73045353776298
mp-242,SrB6,144.836,110.605,197.96097144224746,151.3758227181087
mp-16488,Al9Co2,107.487,72.22,135.0592256515192,82.55176288988487
mp-30080,Li2GePd,62.413,22.035,86.91667583920065,35.87364592321289
mp-30658,VGaNi2,167.969,38.51,223.7954244446037,68.61619326219088
mp-570557,NbCo3,199.865,38.258,249.8888989453108,115.5841766287397
mp-975868,Li3Al,26.875,18.203,32.30870036459232,12.107378899545164
mp-505198,CsCu4Se3,37.252,15.102,72.63401803056581,25.479200925875023
mp-770649,Li5NbO5,99.64,64.543,164.8580936937036,99.87797132808998
mp-1018121,TiPd2,160.261,99.939,209.34338228315187,40.01286821978451
mp-20214,UGa3,83.085,52.872,109.342159647655,65.84300993477996
mp-865113,NaNdAu2,57.865,17.696,68.06084018557071,22.954395700547515
mp-1025281,Ti2NiSe4,69.621,41.997,118.66416447486397,64.20114330584299
mp-8932,Cs2SiP2,15.288,8.595,41.76786880989697,25.418792704195383
mp-982245,PbAuO3,132.88,48.968,148.88129031381513,60.43096556527072
mp-982780,K3Cd,5.074,2.625,4.862774693835302,2.970535269526447
mp-16482,TiAlAu2,138.455,26.152,172.5382805800986,42.77127951780979
mp-1025377,Cd(AgI2)2,10.114,5.05,30.648768955293054,10.1811615489318
mp-20106,Li2NdSb2,41.162,21.469,58.767563980265884,36.158923590311375
mp-22541,MnNiSb,98.538,0.5750000000000001,112.59925630325966,44.75267027670027
mp-982070,VIr,270.236,116.36,312.9773663800651,133.13427714053174
mp-865871,Li2ZnAu,46.741,4.542,66.91548578639066,23.29709002879933
mp-30683,ZrGa2,99.541,62.966,122.46187062979591,76.71832232240769
mp-567220,Hf2SbP,122.772,69.177,155.86475917159294,95.16292249960112
mp-1734,CaZn5,59.683,35.088,78.88303540107216,46.60578869621419
mp-862431,Sc2AgOs,123.096,45.47,147.81888240020496,58.13698684404958
mp-569270,V3B4,278.729,233.825,370.40517279792306,310.16688512548586
mp-567203,La(SiOs)2,136.757,80.697,190.53414069683893,97.23833052951714
mp-866109,HoNbOs2,200.406,84.188,241.2136106478589,98.9090941690107
mp-974253,HoErZn2,62.845,30.971,74.28632145750254,38.95784052307899
mp-755323,DyClO,69.64,32.308,125.3293723374142,56.92038064597685
mp-865533,Ti2ReOs,240.23,110.684,284.2938764188503,122.24373681656836
mp-30846,Sn3Pt2,102.187,30.087,129.54393840490795,55.05771483524526
mp-1029531,Sr3ReN3,58.683,28.697,112.79773560505426,58.65878296956528
mp-2205,LuPd,102.592,40.255,110.09321507173242,38.34646099058661
mp-20290,TbCuPb,69.232,45.363,89.60209212841761,54.4667704841004
mp-28770,Ca2FeN2,77.679,42.257,124.16355403545342,74.36467605022881
mp-1009848,TcC,239.569,47.813,253.4019505160954,45.13401379228146
mp-21910,Nd3AlN,32.77,10.085,35.27247601108015,7.903617681529515
mp-20697,ZrNiSb,133.345,55.766,165.33828559664775,91.04025463976662
mp-13459,NaCdSb,32.293,13.704,43.41234192487635,20.559735654549083
mp-3208,ZrGeTe,52.592,43.277,120.74694421141588,81.73284485019818
mp-4043,NbCu3Se4,33.566,22.259,92.19649365972279,48.36338275566892
mp-867902,LiSiRh2,186.513,102.23,233.3855396120644,118.98327670313327
mp-1018107,ZrTe2,13.477,13.397,69.39943810045536,40.15390445565024
mp-1025167,Hf(VGa2)2,133.265,85.459,162.42680396285544,110.55739099288857
mp-570791,SiC,213.212,187.261,265.925572758244,212.9276734846643
mp-35841,Li2CuGe,58.787,40.226,81.26243765699014,56.068311014109206
mp-3387,CaSiO3,214.891,122.375,259.26021179945405,178.48759900661787
mp-11375,EuHg,41.48,17.948,45.503821702779035,22.599833963345443
mp-319,Sm2Tl,48.346,18.805,60.78328478126371,26.662559907537272
mp-12059,Sm(PRu)2,142.12,93.691,212.16134095531328,112.46359309458975
mp-865507,VSiRu2,250.046,119.671,341.89988718810497,160.59419788618655
mp-978552,SiRh3,238.173,104.483,292.52725801244594,112.33745299840609
mp-867158,SmCd3,56.236,23.153,77.8816318681867,38.999213074467434
mp-985438,Ce2CdHg,77.089,16.069,54.034846061972004,4.439192246087244
mp-10402,TiTl2F6,25.672,7.213,68.9301272393779,30.21586184730341
mp-866116,HoTaRu2,183.596,73.942,216.19915708651058,77.35129632839521
mp-862372,Sc2RuRh,148.186,63.627,157.8091770622389,65.73677693822238
mp-1018649,BC5,376.878,331.922,488.55072785567336,380.5009702144625
mp-21374,Cd(InTe2)2,20.89,12.794,45.7515221513296,22.78624445206386
mp-972257,LaTb3,34.964,19.382,42.61728808252042,22.08834840849692
mp-984240,CsCaO3,40.397,10.838,78.60333569522211,19.449740712037148
mp-10256,VTe,62.066,40.094,72.38224681324185,34.611501654770805
mp-16521,Al3Os2,202.423,117.084,256.68517447621775,163.26672463715875
mp-865713,Li2TlBi,30.009,22.827,37.71026450473359,17.272347841758695
mp-1025288,TbGa5Co,92.096,54.393,107.83661980343793,69.35391532680615
mp-7163,Tb,40.344,25.572,47.152549151737524,28.327581602560794
mp-568806,C,112.835,71.286,156.01289717963965,107.75090123359568
mp-861510,Pr2SnHg,53.848,19.059,69.06206988694318,8.233821769370353
mp-11517,NbRu3,254.366,135.775,307.59612978388355,124.54093110314005
mp-30363,BaAu2,44.664,16.757,54.38681133876466,24.643061167426808
mp-13181,LaF3,125.291,12.21,140.5116987312232,28.88440717834497
mp-570910,Rb2CrCl4,20.171,9.206,33.31481913458449,17.839832969114145
mp-13095,YAlNi,92.941,38.915,104.44875165303145,45.57104647391375
mp-2334,DyCu,71.228,31.884,83.62406959718903,37.28168686629272
mp-20211,Mn3Si,227.244,100.274,235.5830075295761,116.01143269614555
mp-12765,GdC2,82.475,40.245,150.58347198040715,70.29080752720542
mp-961696,MnCoSi,181.264,72.168,195.8807600235316,103.88191154297547
mp-448,CoN,248.591,47.951,242.17445077258643,78.96847310130174
mp-3747,Ti3AlC2,158.241,128.029,238.4676102347666,157.78915761376786
mp-1016826,MgIrO3,172.48,16.076,232.71317859318535,43.11315467553418
mp-8161,CaPdF4,75.302,30.762,94.96214894415101,44.36791229182788
mp-2468774,LiCuS,62.759,30.22,90.63285923421583,45.132665121382445
mp-2659,LiN3,35.899,18.796,110.63817394374153,72.74622410966121
mp-1447,SmSe,76.17,29.406,97.66337918964082,40.36568563337131
mp-22486,Tb(MnGe)2,115.215,64.592,127.4681995833436,91.71997005767439
mp-4064,Ca(NiP)2,105.433,73.682,152.80085434385094,82.47309934740821
mp-141,Yb,14.467,12.032,43.06153551766695,33.106152644491395
mp-10021,Ga,55.429,46.698,69.72533720645072,15.207034764590937
mp-5055,Na6MnS4,30.501,13.834,43.414859154606944,26.80698438717548
mp-983908,Er2ZnAu,77.836,35.198,89.86068905975644,35.255631813494695
mp-1377,ThCu2,94.521,32.47,116.02957275583078,33.6476383418783
mp-22446,Li2PrSb2,41.299,21.813,58.36056300806572,35.97050480911884
mp-2845,SbPt,121.63,33.728,154.17574909206292,54.827795108820986
mp-866001,AlVRu2,236.108,125.212,303.6026912546141,152.8660835186312
mp-6319,Na2MgAlF7,64.198,40.586,93.36068923619437,54.47080938574995
mp-1016296,SrMg6Mo,39.303,25.678,50.27014975997003,30.72722058042584
mp-3456,Tb(CuSi)2,119.971,76.235,142.96287117645906,91.0397496445901
mp-4492,MnCo2Si,218.693,111.468,255.24757278000865,118.14997554545033
mp-567191,CaAlSi,55.59,38.055,60.385130238304235,49.61708902486253
mp-865753,YbErPd2,79.277,27.507,109.67543379210282,37.16745284085972
mp-1025069,PrSn2,53.735,30.622,71.47186629493332,37.30350143983051
mp-4895,UTeAs,71.159,29.644,95.52270757307696,55.340427042976465
mp-11482,MoIr3,337.003,189.314,423.0566373309483,242.17002977136937
mp-684597,InSb,47.174,18.782,68.06286372710827,24.37313954336468
mp-2589,MgO2,129.089,86.082,158.38619289672008,98.58961016892903
mp-865615,GaSiRu2,228.828,88.656,253.45506680911404,125.97318435877207
mp-4249,Hg(CO2)2,44.013,20.522,99.65818856744386,59.40273071836661
mp-22204,Co2P,223.42,75.138,282.19618670609333,129.23447880494356
mp-20595,Eu(AlSi)2,61.992,42.25,80.67933827320863,49.98951690029594
mp-2784,Na2Te,19.229,11.389,23.388677654435675,14.226527585255003
mp-12990,Ti2AlC,137.103,115.936,199.34545094580423,128.9020809418175
mp-568912,Be12Nb,134.036,144.017,196.06762511492573,178.01788615483932
mp-1009695,CaB2,121.439,104.665,135.2732579990149,124.84775096215886
mp-1549,TbPt3,169.757,71.121,211.73439063378876,77.50167772608859
mp-23060,Cs2PtI6,7.331,3.998,31.997879129446616,15.415660571083707
mp-30737,YMgAg,54.978,36.231,68.7553346462935,21.99576794276377
mp-13334,ZnSnO3,164.367,62.67,191.7389860924831,99.98592638153276
mp-546279,ScBrO,22.781,13.41,94.80665675467354,50.159382055133506
mp-4864,CaMgSn,40.739,28.662,50.91612791305178,37.37594671092326
mp-556382,EuClF,48.258,23.338,67.30205719137832,31.416509226814263
mp-567590,LuOs2,218.705,75.807,267.806861763996,90.78230815726427
mp-865989,Al2IrRu,218.535,127.182,259.3758620496114,153.62994206481528
mp-864672,NbSiTc2,245.129,86.818,293.7568828976249,124.34914462482853
mp-9386,CsAu3Se2,7.606,2.961,56.969728839571914,16.62247621511479
mp-11478,GaAg,65.386,7.734,85.93854355599515,-9.47401348350446
mp-601257,DyCuPbSe3,45.811,23.788,78.62089403010226,40.637821195461456
mp-8842,CaSiPd,65.66,32.776,101.3015193852275,49.41750864311551
mp-10074,GeSe2,13.587,10.677,62.59325720907002,30.305624041532678
mp-865378,LuSnRh2,142.714,236.351,180.09866850815428,67.30191049265068
mp-27164,FeP4,136.947,112.471,181.11964228354208,125.50961495908004
mp-1219553,RbBH4,11.822,7.082,35.20154596033327,28.424446046874735
mp-631377,Re2PtRh,293.668,233.098,304.1098302811067,-220.93121301229831
mp-22685,TbInCu2,90.141,43.172,106.48133947860059,52.572186476122845
mp-867361,CeTlAu2,83.944,20.109,89.41220084322256,27.321290142319253
mp-980192,YbOs3,224.333,46.685,244.7997167205998,63.614335199976004
mp-976838,Ni3Au,173.553,46.299,214.21212837211013,85.88943209390251
mp-1319,ZrTe,88.453,48.267,108.36086255535098,47.27845749621686
mp-1025150,Cu2WSe4,30.602,11.26,87.26751530359165,30.625304634230798
mp-21844,UTl3,51.996,27.469,73.31123019828325,30.576381186385817
mp-29152,Zr2CoP,158.429,79.053,188.68169719221765,94.42067623961604
mp-3982,KCuO2,34.178,17.182,59.375275906682646,36.87952258875495
mp-980094,TiPd,151.922,87.665,186.56164405716333,57.03674124105077
mp-7601,NbGaO4,162.98,59.533,229.6448255354717,111.41556418489856
mp-582034,SiC,213.198,187.685,263.92651793400347,211.45350622903385
mp-1949,TiMn2,181.973,54.384,244.4048651339942,69.52288171830624
mp-7473,LiCu2Si,105.396,55.803,146.83888834513806,77.24298952706816
mp-2172,AlAs,67.291,39.773,82.23806686446406,47.08581811514503
mp-760414,Ti3PdO,170.984,45.205,209.73051247145094,79.2202427801484
mp-9124,LiZnAs,53.606,40.964,76.09293143245348,47.86418727112711
mp-1189382,La2Co7,340.64,37.755,130.5915400395387,42.3923461093441
mp-5540,SrB4O7,147.126,118.908,254.31399288833717,169.29109027961871
mp-1013553,Sr3AsP,31.673000000000002,21.339,35.552330781948086,21.52582064349501
mp-23794,H4NF,30.444,6.912,80.29439769595767,50.538245112258025
mp-1013708,Ba3SbN,17.51,7.688,16.709919726651975,5.239554084625076
mp-972879,Sc2RuAu,125.306,30.673000000000002,153.1137418104829,52.61654972300246
mp-1057,Al3Ni2,131.24,87.345,158.64140261822538,104.45689302515883
mp-2516584,C,113.32,87.786,151.870110379962,104.81400240349672
mp-975905,Mo3I,178.725,20.22,215.56894694449574,33.91079239522448
mp-23189,BI3,0.806,0.637,24.851476971069427,14.301924314567959
mp-864884,DyCdHg2,63.398,20.259,83.85474106066157,30.90091372499368
mp-3792,YAlO3,190.06,111.803,239.26655839030084,145.5432949922451
mp-8884,ZnTe,42.546,22.507,57.32862811703008,34.36200576968853
mp-973622,K3Sr,4.901,1.584,4.220077907079403,1.591198320267773
mp-30953,GaBr3,0.727,1.064,34.102337107323756,14.520805996381288
mp-3097,Tb(SiRh)2,152.124,89.341,196.63493003796387,105.70613295347736
mp-15800,Ti3PO2,181.87,66.326,200.22764562026984,63.274631765336395
mp-1217964,TaB2Mo3C2,315.136,199.102,391.04312204618407,228.3671235323884
mp-11147,Na5CuSO2,35.442,18.576,50.9674504774275,30.583541876034978
mp-1009828,BaSiC,24.222,20.55,44.68691508236502,13.908531596049816
mp-31136,Lu2NiSn6,65.165,38.649,84.84390050151762,46.60203703872895
mp-1008395,C,401.484,421.283,564.7717635572724,446.5292146183397
mp-1018149,ScCu2,101.63,42.846,122.06207377300086,57.06710233533519
mp-961713,ZrSnPt,133.908,63.302,159.89246715518848,82.50199154333937
mp-2977,CuAgTe2,20.693,10.103,78.64059516645811,29.516650677622753
mp-132,Ca,17.349,10.874,19.293651245710723,11.879803250183839
mp-5920,LiAlGe,55.853,50.642,72.90038168622611,51.849032090781
mp-2536,Ni2B,238.119,98.426,309.5862388057003,133.67136018443657
mp-3679,NiSbS,84.973,51.865,133.64698291342614,70.64986922674329
mp-567724,TaSe2,19.6,11.97,120.61668403765064,65.06009444652052
mp-862886,CaPmPt2,87.525,34.909,100.10641807595387,32.08741827433149
mp-1191630,ScCoB4,223.874,172.568,264.4648828080193,218.81891856790804
mp-76,Sr,10.978,5.411,11.15436091353569,7.022626486500432
mp-976784,NiAu3,144.369,20.114,189.35145025459386,45.020418198368574
mp-999558,Mn2SiNi,198.379,89.79,237.43226010664512,97.2119997581086
mp-542264,BaNaCe2C4O12F,74.92,34.761,129.32856168565198,72.10407403280864
mp-4002,Li2ZrF6,58.042,35.314,119.4100275351558,53.82757554179245
mp-1013714,Ba3SbAs,19.616,10.293,26.604814735209242,9.588830935909101
mp-23341,Bi2Pt2O7,179.413,76.076,205.49696327486956,105.75001771480179
mp-866005,Dy2TlCd,57.964,25.723,69.25961029812147,21.610509017401725
mp-972549,SmLu3,43.336,28.525,46.02097264962695,32.62821492782832
mp-631322,KSnOs,58.658,15.074,73.55961964323271,26.520168214714975
mp-2811,MoN,332.975,196.526,478.8420909115375,243.27887734078206
mp-28233,MnCl2,7.158,4.202,46.905437212392975,19.801179476202968
mp-1558,SrPd2,80.634,31.664,102.20134017336818,43.017673021589125
mp-1009657,CaN2,82.688,39.226,121.87857629359736,55.725016585644944
mp-890,NdIr2,183.307,78.105,220.93528286946736,85.94840728381931
mp-1153,Li2S,40.49,33.875,48.901327150149726,38.74283133577555
mp-941221,Li(BH)5,16.486,10.386,98.78419840263966,94.53162298205427
mp-11364,TiCu,129.327,49.243,162.360504915072,26.7353873030986
mp-9274,Rb3Sb2Au3,15.491,5.4879999999999995,41.65655217848216,15.462638618594946
mp-977589,Tm2TlCd,60.245,24.389,71.21909261362325,24.276239530323952
mp-1007760,Ge,59.529,45.231,80.23565751486302,62.36327910371452
mp-555678,Na4Ti5O12,133.543,60.956,189.85417825215427,104.88553439235918
mp-19761,LaGe2,62.983,17.74,80.19701709575934,38.32906824399989
mp-6980,ScCuS2,79.868,37.063,107.72202735623645,59.95889524279353
mp-742,Ti2Cu,130.928,54.059,153.4011431991501,44.660600259728476
mp-12884,Hf5Te4,77.308,36.907,115.95606347314724,67.07533067041997
mp-867372,ThCdAg2,82.451,19.287,96.34736555504956,34.97188859974345
mp-862288,AlFe2W,238.376,45.537,338.6839633488655,176.32493597004589
mp-862870,LiTcO3,194.213,79.846,247.32448597368278,89.76558695402956
mp-867810,LiYHg2,52.184,12.474,66.39083300201611,30.892324624396732
mp-2680,LaB6,181.75,134.517,206.02208870762766,153.38598465676313
mp-2027,HfCo,123.98,60.459,181.6741818490176,61.618008829363156
mp-7463,Cu3P,124.032,41.154,171.05553137503097,57.758337276034844
mp-776320,CuAsO3,50.551,6.569,184.18031008790894,95.35909510831495
mp-1774,ErB2,171.507,164.724,196.13670046473766,178.17441038594077
mp-946,PrIr2,179.692,75.41,222.9467712766839,89.39823414433829
mp-8122,ErCuSi,97.809,63.774,114.96530399695392,64.8359977409612
mp-867874,BeVRu2,241.663,90.582,282.2973609789697,121.11098576740561
mp-2606,BaPd5,99.329,39.724,122.7074816903992,48.16511693302481
mp-22154,In2Au,53.29,13.931000000000001,72.68699927169983,30.117367646533964
mp-644481,ScO,184.583,103.187,214.53915590764845,168.52435157160443
mp-865671,Y2ZnIn,59.596,33.082,70.2335817481401,28.690289369312595
mp-9385,RbAu3Se2,9.541,3.555,59.425054446071094,17.159034591720474
mp-10778,RbPrSe2,31.371,18.356,47.56081221901851,26.20238236232721
mp-865964,Li2CaSn,34.099,27.664,48.16326342657223,45.22297159974294
mp-4793,U(SiPd)2,141.952,48.272,176.71943045239445,80.46160373680983
mp-11256,ScAu,103.841,41.675,121.66745771819652,43.880343036599704
mp-570157,ZrBrN,22.365,16.412,122.41526378711517,63.40590365619013
mp-861872,Ac2HgGe,47.445,14.917,55.99890532638901,13.576534384594275
mp-1378,LiC,40.769,30.156,76.23604018904287,53.9665737098767
mp-867242,Sc2ZnGa,78.569,46.4,92.62118537731912,50.744279387178274
mp-865563,LuZnPd2,111.102,18.066,141.31713017084934,34.96687628167129
mp-1008527,B2CN,326.549,315.747,349.10911315817907,257.3257851737592
mp-129,Mo,262.529,117.048,300.59876524562156,110.32642756941787
mp-9577,Ca3(AlSi)2,49.839,35.571,59.48909590607221,45.96457168090123
mp-20994,TaO2,255.403,113.66,287.40608692823247,135.0856838200573
mp-976321,Li3Pr,20.736,1.26,14.54736753753148,6.40123745744114
mp-281,YbCo2,93.676,14.307,157.62827170226856,54.504972306748506
mp-810,NiSb,108.123,50.253,140.08487448060745,79.41560725015057
mp-1009019,FeN,200.505,84.859,361.6489494274932,78.62367533763182
mp-542065,CdAgSb,58.715,6.418,80.4923140740757,21.99810481609957
mp-7622,KSO4,21.988,11.3,88.98281859349457,61.399514175149314
mp-15963,HfPRu,220.115,95.48,274.0380514057464,126.59458846987135
mp-1016197,MgSiAs2,57.986,28.695,74.31347216863706,35.54923313265508
mp-983567,CaAc3,22.937,13.541,26.707893386052923,19.49558384634156
mp-747,BaPt2,103.144,39.324,133.1623191788923,54.460096338667576
mp-2012,LiHg,32.253,13.906,49.50104996907071,24.983873347253652
mp-972960,La2IrAu,86.527,12.239,98.16748591533619,21.85709731978627
mp-11733,Lu3InN,95.187,72.27,116.87391390974403,80.86844417315992
mp-999190,SmCoC2,151.847,90.299,211.38113107898215,112.14076002234087
mp-979422,YGaAu2,85.925,3.029,108.77574886552586,28.34693473365934
mp-569426,SrZn2,35.093,14.647,43.17059135907822,21.825455521362013
mp-13548,Cs2Pt,12.618,4.817,18.737259242794796,10.504862690424103
mp-775910,ZrO2,188.21,98.43,280.92108916905573,129.55648236836947
mp-985831,HfSe2,16.811,12.019,99.36919154869825,56.98337932289392
mp-2668,Mn3As,121.507,44.278,160.1272589876959,99.0191918265775
mp-11553,TlPt,62.299,7.605,87.73578733845217,20.301549846441795
mp-1039148,CaMg,25.36,14.975,28.13705708108289,17.531405236583776
mp-568880,YInPd2,102.492,30.541,126.40026656852405,40.483700935314985
mp-464,HoSe,82.998,29.485,105.43801131960845,43.53448090428666
mp-12104,NbSi2,175.016,142.771,231.27447539518485,166.72795869089168
mp-492,TiN,278.511,191.577,341.5174542157531,205.57413574815257
mp-862258,Sc2ZnPt,112.221,7.036,127.33882792723347,53.907501741351545
mp-11597,NdBPt3,170.929,60.983,209.11487724018707,68.73650526900586
mp-22256,NdMnSi,56.943,32.522,98.53456563095907,53.21690634720333
mp-1159,Zr2Fe,123.018,31.901,140.18097922410232,35.65259878169844
mp-1004377,HfB6,181.947,16.36,216.18469597823537,74.56384788931547
mp-552738,TmBi2IO4,68.302,37.095,124.7590494440107,64.3711282365731
mp-973067,ScGa2Ru,128.767,23.656,156.87441480998112,22.67987641840987
mp-19747,Ni3(PbSe)2,57.203,17.818,107.14271823889587,40.01846835987545
mp-1029776,Li2GeN2,83.069,43.636,147.27308987724868,109.73659958324706
mp-976356,NdSc3,44.174,24.132,58.16681317974348,33.75138647230252
mp-10185,Mg3ZnC,62.165,37.249,76.29895995144523,45.58657954425615
mp-22934,K2PtCl4,12.029,6.6690000000000005,29.82057125213059,17.23100433418919
mp-2030,RuS2,172.042,121.491,232.93728104790443,145.56132186992082
mp-865936,LiSc2Tc,82.734,32.676,95.91498692480044,37.51715166077422
mp-1009769,RuN,281.889,287.292,527.383713286403,96.75896481210671
mp-540839,CsPbI3,9.811,4.607,22.457723582817643,10.336309710857087
mp-21022,Nd3InN,75.749,52.058,87.49755041436826,55.11362682441668
mp-554822,CsSb(PO4)2,28.723,27.719,133.71811695846085,95.34666831178309
mp-569815,Si2Ru,183.66,108.94,228.6316143674773,124.62731121469174
mp-22925,AgI,25.685,6.593,35.653252864802944,8.921094451184077
mp-568619,SiC,213.208,188.038,262.92459805840974,205.5233619591084
mp-1009831,TaN,312.497,189.096,402.05910634203923,177.169147368458
mp-9850,DyP5,66.326,42.871,98.0526318842959,60.15978676702163
mp-1569,Be2C,200.504,228.81,263.3000503920804,251.6819920314312
mp-23764,Mg3Si2H4O9,63.515,35.137,158.1603552796552,100.73059508969635
mp-865999,YbTlPd2,82.283,15.978,131.2077080500581,37.43263962020412
mp-5782,AlAgS2,62.691,21.746,78.55570321558561,33.547722377732136
mp-1428312,AgN,147.992,27.861,177.53443643377267,-21.819996584755497
mp-753326,LiAg2F6,50.447,17.197,85.6459172030978,20.80724324814315
mp-1420858,BiN,116.636,6.697,139.71967057939906,14.461710735800775
mp-2394167,VN,299.032,148.726,376.86622604433944,202.00709202250175
mp-37,Th,55.005,39.908,92.76740702359464,37.423262694244464
mp-972925,ScZn2Au,98.751,37.129,127.5021093393457,51.86103163388198
mp-309,ThAg2,83.938,36.124,107.2172706971487,39.79969624254251
mp-1020011,Li14P2(N2O)3,83.023,68.471,142.76089822047388,116.53846763129765
