mp_id,formula,K_vrh_DFT,G_vrh_DFT,K_vrh_mace_mp_0b3_D3,G_vrh_mace_mp_0b3_D3
mp-861884,AcGaTe2,43.131,14.998,56.954065738025236,20.149062158237662
mp-1390618,SnO2,42.723,28.477,148.2394824632991,83.44125747967709
mp-983358,HfAlFe2,172.287,92.953,188.41998197897237,86.47848211806289
mp-600124,MnNiSb,101.928,50.092,113.58315315875892,51.63076780187654
mp-1635,TbMg,40.716,20.807,44.13399925963497,20.70716421351591
mp-3384,Er3Al5O12,173.762,105.755,207.56421021597941,126.89842542642731
mp-55,Sn,46.694,5.892,54.7223061213941,-12.613288719201641
mp-4668,K(CoSe)2,50.314,24.198,81.14291839062447,38.543613510025274
mp-554352,Ba2CuF6,57.176,21.226,87.08899800232973,29.96749829034069
mp-862966,PmTlAg2,65.448,18.899,79.22079099060576,16.840428656785047
mp-973824,LiHg3,22.639,18.474,36.610283105594405,5.351959604807832
mp-11722,PrGe2,64.615,22.802,75.53812347757061,29.760874262072836
mp-7426,Ba(ZnP)2,55.357,28.964,65.35291936539483,26.87390557771395
mp-675180,ErCuSe2,65.035,28.853,87.04363132173134,41.540758500867334
mp-974421,IrRu,329.122,156.327,398.9748512523089,134.80904749361287
mp-20552,Cr2As,155.123,75.452,170.20126559538562,49.22331338775877
mp-1008483,CdN,101.532,19.068,119.36734635499296,6.1360912664304195
mp-1560,LaTe,54.332,21.792,67.75787364312295,21.457348920519184
mp-5526,La(CoSi)2,117.558,76.385,153.91869682731667,67.21105464412426
mp-11801,K3N,2.7199999999999998,1.43,5.330833533903613,3.594686622887784
mp-4494,NaYbS2,36.215,11.768,47.8365305843951,7.811765487955193
mp-13498,Tb2Mg,39.124,15.539,41.52476323031413,17.34213653223545
mp-867125,Al2RuPt,201.068,97.729,239.95970111730895,79.98458345564106
mp-980663,Yb2Mg,21.912,6.47,23.009484104979872,14.24045950999537
mp-644281,Mg7TiH16,63.812,30.422,61.11335182998113,24.407486708901757
mp-977408,NbTlO3,176.002,93.616,221.05814113814432,93.33258625683561
mp-27954,CuN3,15.781,4.885,80.57939436725941,46.19687421385551
mp-915,YCd,56.99,28.662,60.3982035472999,23.37355818002644
mp-570018,Ce3Pb,47.518,28.668,57.683285612153846,15.214661620988455
mp-6950,BaSb3,27.116,16.98,46.449689458785905,14.558688249791155
mp-757031,Mg2TiO4,146.153,71.912,192.41893418430493,109.72217992013896
mp-7381,TbMg3,40.267,24.883,53.47528720099792,24.54385068866255
mp-978513,SmErMg2,40.708,21.424,42.616132110282464,17.130560440924633
mp-4252,SnPS3,16.223,11.956,68.40788564673862,36.49768084558464
mp-28174,Pd(SCl3)2,2.346,2.36,43.62997486125452,17.548711898260475
mp-1025165,Zr(VGa2)2,131.585,88.202,152.90257052504865,61.52147038759767
mp-27409,RbNiBr3,12.959,3.423,36.42043420672304,15.969661776352464
mp-23192,HgI2,3.392,2.493,27.826446778343396,8.01173987646188
mp-865652,TiMn2Si,207.779,105.768,229.17008445601942,84.30145820295468
mp-638,SrZn5,52.276,24.166,62.469500820348834,29.938832167597088
mp-31187,TiAlFe2,184.183,85.502,225.62556973836948,90.82449167101791
mp-976847,Ni3Sb,164.639,57.89,207.02691957588237,70.62659240816322
mp-1087,SrS,48.468,32.3,56.857623362421165,36.373924939704025
mp-1136,Na3As,22.238,13.902,27.042244952500916,14.828850258592391
mp-2490,GaP,76.335,51.463,84.36549506367248,43.789898400323345
mp-866062,HfSiRu2,228.517,106.888,256.89136031348767,74.4322783310176
mp-636368,Ga3Fe,102.587,66.476,103.81211667117131,42.97717948118221
mp-7132,DySe,44.941,4.976,55.28271719683103,22.894742203693575
mp-7991,BN,97.905,68.078,136.86537826456535,61.00584358801542
mp-631524,BTe2As,65.801,8.576,79.77710396863824,3.184872851181402
mp-3826,Ce(SiPd)2,124.834,56.202,154.57188013675483,58.22834473186358
mp-754434,Hf3N4,212.613,66.114,242.60119010363127,111.95395809551155
mp-865155,MgAlRh2,155.745,85.611,185.5419958997766,71.60548337482119
mp-4428,CaSiO3,76.748,39.815,159.30354789640037,102.37174175756041
mp-10212,ScGe2,80.354,56.949,99.72889050209238,43.012820360227884
mp-15297,Hf6NiSb2,131.265,72.06,131.20395062616856,45.72269135363733
mp-864796,EuCdHg2,37.559,11.896,48.72096071844142,18.90555750079201
mp-20206,ThIn3,65.84,31.631,92.71218329512295,28.591276604353023
mp-1079630,Ba2TaInO6,140.02,78.541,182.77986029229103,100.02498299051693
mp-1029312,RbVN2,39.935,39.756,100.68423549314026,29.70848431752284
mp-8456,SrAsPt,72.367,29.338,80.56605522104739,31.43862499654938
mp-567588,DyInRh,98.902,31.23,119.49453843036105,34.94937854443599
mp-4788,K(OsO3)2,129.08,80.552,185.90488385754114,73.3545901011366
mp-8307,CaNi4B,132.728,61.205,169.4142833759935,70.79588569623155
mp-752730,Ba2GeO4,64.347,31.103,106.12358920040958,57.73206772942209
mp-4571,CaZrO3,149.043,85.19,185.21775496400494,102.81192127900343
mp-23204,FeCl3,15.609,9.15,40.29164608766782,25.268541528880462
mp-862629,ScRh2Pb,139.016,187.799,160.44720682851914,38.221628987871846
mp-3706,Ho2Co12P7,201.47,106.337,230.9263960950354,104.85908267098604
mp-3061,TbNiC2,145.7,95.952,182.1996094411607,90.30026404234408
mp-865202,TmCdPt2,123.512,20.588,143.47293406506097,19.94617486296924
mp-1019055,ReN2,384.053,265.328,409.408637665192,116.14935012066836
mp-778364,Na6Ti2O7,46.367,25.335,102.75218893433019,51.54707856711264
mp-866375,TiFe2Ge,210.464,127.259,241.23066189941807,74.82050611162079
mp-8062,SiC,212.682,187.246,254.29461389008017,170.516720196627
mp-9587,TaMoN,306.124,172.722,342.00586106316587,87.17827804626361
mp-614603,CsI,8.224,4.02,16.48309905303982,4.672654974332845
mp-30227,Rb2WCl6,11.06,4.8870000000000005,43.93557322895821,19.376638906296346
mp-3951,Ti2CuS4,100.958,37.972,131.4450375544868,71.2313065866833
mp-865845,Yb2CuIr,69.855,33.64,80.25391991900264,24.102499334821207
mp-754483,Na3(CuO2)2,33.577,21.098,85.64612235935199,38.8401657049959
mp-1008285,Cr3Fe,239.14,60.631,258.5565330285728,-139.8139200447574
mp-16342,HoGe,80.872,54.586,92.36149401023859,45.53173718837675
mp-752426,Li3SbS4,38.534,25.974,64.29196477967497,32.39419916010398
mp-27743,BiF5,13.737,10.508,113.08539651269422,56.27888591244814
mp-21366,Yb(GeRu)2,113.282,47.997,142.65465358003527,59.09728543485264
mp-905,LaF3,102.112,39.391,127.11070730497954,50.46036142146549
mp-9953,HfP,147.126,83.603,152.7327441798086,71.24259104862354
mp-643273,NaH2Pd3,108.766,34.066,125.16623099789557,42.59375921157595
mp-972228,Zr3As2,125.408,62.953,140.56055944705486,62.19282855152499
mp-30819,LiAl2Pt,124.378,59.706,157.51309298037336,52.51437029035141
mp-7092,TiSi,145.819,99.581,165.82518704545217,80.04662735811485
mp-862703,Sc2AgAu,91.964,32.821,93.01458675305932,28.880730114394854
mp-978265,Mg2ZnPd,72.28,25.948,80.56804915275067,27.17556031959658
mp-10844,Te2Ir,111.463,53.591,140.02880856076146,62.000150388679366
mp-140,Ga,49.645,8.836,54.40863128493603,1.4249478688255346
mp-31496,Li2Sn2Au,47.106,21.387,57.54311232879827,19.075966408154386
mp-13816,Cs2NaErF6,31.129,17.633,63.26988510980827,30.67104697334747
mp-972119,SrCaTl2,28.313,16.901,31.44054082044327,12.390849001373596
mp-4552,ErInCu2,88.491,42.728,104.04257008503879,45.05566250408137
mp-865278,NbAlOs2,260.723,129.33,280.8455294805069,60.38136658077002
mp-20265,LiIn2Pt,81.018,28.966,104.51435079967715,27.48188097043313
mp-690789,K3ReH6,25.075,8.757,48.96228338289398,32.495245567978266
mp-863673,LiPm2Rh,62.498,22.513,61.14692938073818,16.995499850320336
mp-20276,U2F9,78.546,42.193,149.16091577357219,70.3496651338705
mp-570008,Sr3BiN,43.271,36.36,46.44992776696515,26.06613066235201
mp-755895,Ba3Zr2O7,119.003,67.526,152.80005727794367,82.55901618567088
mp-7918,HfGeS,126.583,82.007,159.54317165389074,62.836182776604915
mp-1025557,CoMoP2,212.426,119.819,194.8321474739418,61.078019598226206
mp-1400,HfW2,222.256,94.6,247.71703826201883,91.58335884541957
mp-13829,TlCu3S2,41.713,15.73,85.94449409138498,28.896435185442954
mp-865230,TmMgRh2,116.23,52.742,136.69269535042687,43.995476765416214
mp-27666,IrCl3,12.169,6.513,91.76245577720168,43.0522109827403
mp-8218,PrAlO3,197.512,136.42,227.82084479342103,148.96655884103552
mp-864599,TbSnAu2,88.449,16.179,106.15983419318134,21.737460055490686
mp-15783,KSmS2,40.489,25.094,58.88321624171354,31.104129945773003
mp-29476,Cu3SbSe3,51.967,17.901,84.72146922919434,31.106640406432376
mp-862601,RhI2,55.598,13.605,71.56519195014894,24.831300405327312
mp-1009733,Ca2Si,36.951,24.717,47.838729444603096,24.175678698702804
mp-1023128,CuS,104.037,40.689,139.6742498544865,32.252981486009595
mp-1008786,MgTe,46.024,30.655,62.289050745778816,27.301424411229707
mp-1787,NdMg3,38.838,26.322,51.0794593986096,24.1448502878041
mp-973689,Ho3Lu,44.373,30.304,47.593174365229245,20.01937234615194
mp-975972,PrLuMg2,41.51,23.46,44.03311834263046,20.259722899508994
mp-16745,ErAgPb,66.619,32.98,85.6508553690363,38.95435697358693
mp-863732,Pm2PtRh,96.963,33.757,118.76391722758308,25.321821395290453
mp-216,Sc2O3,167.269,79.706,191.1586953348956,101.67538002271182
mp-1501,Al3Pt5,199.949,63.445,255.5024578942302,70.4191905701423
mp-977117,NaTeO3,137.484,78.761,142.86852720420723,61.25320278305544
mp-50,Ta,194.527,64.83,271.63773759357633,51.22534516100259
mp-1023934,MoSe2,9.262,6.3629999999999995,46.081295292376964,22.089697496758596
mp-865000,HfScIr2,182.895,90.315,219.88932041439168,34.06390116736996
mp-12505,LuAgSn,74.223,39.843,94.43635471800198,41.562954400106484
mp-973024,La3Hf,40.645,21.816,41.24355753455428,5.833316822830626
mp-972099,YbMg3,28.79,11.895,33.672567705196066,23.422491506647507
mp-1471,Zr3Al,100.33,55.844,107.75838544170962,17.230640274022377
mp-16646,PrMgRh,72.105,27.733,86.26881639850609,25.312224454854427
mp-1002124,HfC,158.82,30.036,166.50054637049215,47.03811956842874
mp-6074,KRb2TiF6,34.699,22.332,65.84305834073159,20.31232488670771
mp-1017509,MgNiH2,90.601,54.062,103.81481409303504,61.342517861906636
mp-1077,B2Ru,283.343,170.538,313.6044640758131,133.78873822712399
mp-20147,ZrMnP,174.291,111.101,194.15200538422872,88.85454100123025
mp-861630,Tc3Ru,303.39,161.012,345.38265179864896,75.7744580603233
mp-13925,Cs2NaYF6,32.42,16.618,58.36730164291909,29.0573602298117
mp-973561,LiCe2Ru,65.477,6.7,58.17418518615083,4.823630478410239
mp-27243,K2PtBr4,10.721,5.618,30.796260643323418,16.90139974287528
mp-29207,SrMnBi2,32.353,18.785,38.15048038805273,21.000524334667855
mp-8484,ZnO2,138.631,62.222,160.83521229093554,72.16249050779307
mp-9884,KFeSe2,19.144,7.483,34.58743445006604,21.450821407419962
mp-865858,PaAu3,125.869,15.063,146.10446816998223,8.143183865061264
mp-866004,Er2InAg,65.736,30.299,71.98554593387829,24.471869640998822
mp-10463,YCo4B,173.919,65.313,195.73463418886632,77.95434508309104
mp-2658,AlFe,170.575,96.914,210.89258161588688,93.63376154328303
mp-21385,In3Ni2,105.586,55.446,117.62633832332557,44.66014360745729
mp-976968,NaPdO3,104.533,38.431,108.77353981759826,43.381820639205294
mp-7275,BaSi2,52.121,33.929,66.30215942465281,25.63270050054443
mp-1009770,RuN,260.463,51.935,152.59649769220647,-18.893379155835298
mp-1014227,Ti2ZnN,147.64,95.909,215.77591297928143,96.91348409797565
mp-999450,NaSmSe2,35.686,21.517,57.18544017194049,28.654063809856893
mp-1018133,LiHPd,82.256,38.705,89.06859367807107,41.56864938521321
mp-7849,AlAsO4,23.997,18.753,130.19571475645927,57.88302045612951
mp-571506,TmAlSi,92.341,65.876,111.30075136623182,50.550964841989426
mp-4037,TmNiC2,170.384,100.038,193.1022008744422,93.35535998392217
mp-865240,Lu2MgIn,55.4,32.495,59.32779272256747,14.845467121786431
mp-861736,LiSbPd2,107.809,33.967,132.75081943991506,37.02699328213653
mp-754125,NdO2,126.323,315.883,142.73486145792359,8.146599717780182
mp-8635,Zr,89.974,29.84,93.1295745450406,3.6845763155955162
mp-7374,Ba(CuO)2,56.503,21.409,111.19860787571024,40.66966071525846
mp-7554,LiMgSnAu,61.1,16.802,71.62809549613114,12.221753460104496
mp-550437,GdTe2ClO5,61.076,20.662,148.14220367658228,60.3476690853594
mp-13160,YZnGe,76.81,54.248,86.12324862692023,42.75126052305205
mp-11436,Er(VGa2)2,115.021,76.361,147.6115793203477,65.34055315221316
mp-4210,Sm2CuO4,142.528,60.204,174.22878164838312,88.6069832872814
mp-16263,CaZnGe,49.099,37.699,54.21874095300281,30.037647399665865
mp-4174,HoNiSb,92.38,57.242,116.19203593714157,54.43067174960282
mp-4175,ZnSnP2,64.548,39.275,76.12619928618841,34.23073002202637
mp-20900,Cu3Sb,90.479,25.292,136.4109009419769,37.36314885218804
mp-27760,PrSi2,80.53,27.008,101.60766038892096,43.08069779933932
mp-2142,Te2Os,130.119,88.304,158.52365240505333,82.23471208809583
mp-22044,Sm2Ge2Ru,88.624,44.545,111.52819138220096,47.413004592645095
mp-989541,Rb2NaSbF6,33.711,17.354,56.0727821243919,23.043049980622715
mp-972442,SnBO3,225.06,73.067,280.658827673333,44.13317837952785
mp-3223,ThB2Ru3,230.004,94.235,263.6469707781837,84.24622633922698
mp-867292,Ga2RuRh,199.112,92.754,208.73603267687145,71.48532187480566
mp-756094,LiFeS2,70.86,31.867,106.9075481323682,53.67185400411913
mp-867846,TaTiRe2,257.421,116.994,291.8514658156496,64.87448455277789
mp-867346,ThCdHg2,72.453,16.677,98.37893324834073,27.891953921357338
mp-8830,NaRhO2,109.969,59.556,169.6717894106584,75.76151934596514
mp-558781,ScTaO4,178.016,73.282,248.10087101923736,114.3806684086722
mp-553961,ScNbO4,166.644,60.602,239.06317753730517,105.07692196991385
mp-999540,MnSe,51.3,13.695,36.92794221623505,23.411207249876224
mp-2206,LuCo2,191.768,52.371,127.76524816218357,44.29156398096797
mp-865928,Ti2TcPt,201.234,72.828,221.29337541036583,55.72902649447882
mp-361,Cu2O,111.715,7.888,131.37711922211875,23.192385988879725
mp-1017531,VPt,236.927,116.114,274.4626926574833,65.70128761013616
mp-7576,CrSi,183.655,118.732,241.61340012935614,83.11730181133271
mp-19832,BaCoS2,55.064,31.713,78.64586474372162,38.11234870056685
mp-973353,SbPt3,178.413,26.833,237.59360678541847,-18.059247520264886
mp-1019551,BaNa2Mg(PO4)2,82.728,46.497,148.8758303437644,93.51886371833561
mp-999516,MnP,105.134,80.838,191.81223800355917,87.56948866682647
mp-20978,Ho3TlC,41.581,12.506,48.680585829229074,-8.576472150649185
mp-21521,Cs2PbO3,35.148,13.531,58.164290475398474,26.436159639945572
mp-2444,GaRh,179.773,58.842,197.878238489204,65.40050118673882
mp-13431,Dy2AlCo2,82.859,30.594,105.06543924015622,33.68246072789703
mp-1025524,Zr2TlC,115.186,77.68,151.32541361129836,64.01268996939525
mp-972899,Sc2GaIr,118.555,47.121,134.88912405513395,26.797465858088774
mp-30357,Sr3Ag2,21.352,9.351,27.26159258256959,13.91117190729016
mp-1025,ThAu2,107.422,37.338,143.30501999864816,40.836132744169724
mp-2516,YZn,60.055,30.473,68.0756910244172,30.397240659598136
mp-22882,YbBr2,15.965,11.345,35.058873620880846,17.91674091351599
mp-1023125,MgCuO2,126.208,71.609,178.4566385506656,87.20809816633094
mp-867191,Sm2TlCd,53.486,21.025,51.628657396899754,15.49787883672355
mp-974358,Ir3Ru,337.871,226.427,389.87166627444174,131.30805789805413
mp-10,As,79.731,32.38,92.61920934853819,47.0368084548347
mp-865091,HfMnRh2,175.043,62.602,193.99084804923154,47.36990546148705
mp-11232,YAl3,32.234,97.757,45.25588675849522,9.188266594598765
mp-27865,KMgCl3,31.053,15.706,41.767993032044515,22.39031012474917
mp-865471,VGaTc2,229.778,78.962,254.68023092901677,49.552374428840416
mp-21433,TbTiGe,81.218,52.977,103.37948882318479,51.48734938043374
mp-29136,Sr6Cu3N5,63.615,27.585,73.00920141277803,34.81848209393609
mp-516,LuSb,63.1,36.872,90.57178091302815,39.328282322333735
mp-997031,MgCuO2,136.108,63.634,203.8343983614678,85.1038092274365
mp-2008,FeAs2,135.973,111.737,166.2724339830382,86.24736988938
mp-866120,Tm2TlAg,66.273,29.296,67.53170857437716,20.920592950003144
mp-20787,FeB,280.84,142.25,300.0581868905734,140.4179166620072
mp-862861,Pa3Si,108.501,59.249,138.23086816296936,18.139724901823506
mp-978796,SmDyIn2,56.106,22.203,64.08522106842335,16.636040261477195
mp-32994,Hf4N3,225.032,97.549,278.02216936862294,101.17400802062323
mp-626785,KHO,30.922,17.006,50.41161781354483,26.952506083500182
mp-616458,Cs2CO3,22.432,8.493,50.70937760584415,31.29290853259598
mp-861665,LiTmIn2,38.577,18.108,42.55115120457082,11.323349406831966
mp-865100,NaInHg2,25.727,9.66,40.593251671852734,10.085283018482498
mp-5971,YBPt2,159.168,52.283,192.64733889772447,66.599898214269
mp-562809,GdBi2BrO4,57.14,36.117,118.19755494888278,58.141961263144665
mp-558378,Pd3S,113.764,39.33,170.56929305753053,49.64404387335018
mp-862546,Sc2AlRu,110.743,39.474,112.3360609530191,29.230035474690617
mp-1025431,SmPt,97.548,32.196,112.50211749243363,34.43655115305045
mp-569523,Y2InNi2,77.414,40.912,94.00768596739901,32.611458177967286
mp-1025311,CdAsPt5,183.707,58.167,227.65887191560978,52.17244080283315
mp-977,LuIn3,54.557,25.507,73.46663073307397,17.60181987681344
mp-571035,OsCl4,5.865,3.473,74.94319179264586,32.5012233211119
mp-1029580,Sr4ZrN4,71.003,28.485,81.40243572000746,36.2913658745479
mp-972522,SmTmZn2,58.598,27.032,71.20957891546318,28.4334205367403
mp-978095,Pr2CdPb,50.071,18.011,52.085020914250144,17.57355483707674
mp-28896,CuBIr,195.576,67.035,254.0205839158245,74.76267084875211
mp-395,ZrAl3,102.705,84.766,115.89260772584346,47.347869068127544
mp-12061,Lu(FeB)2,187.743,76.06,217.2853800834082,99.99612859325507
mp-20174,Ni3Sn4,96.833,50.419,125.27275848870966,46.84693965297266
mp-4602,Tb2Ti2O7,205.081,21.568,214.42826598749102,107.43993282083295
mp-10824,ZnCu2GeSe4,55.144,26.528,70.71404630496265,28.018362884372635
mp-865067,Li2EuGe,34.651,23.508,46.598875943551626,32.54606353139187
mp-1009006,LiCdAs,46.662,3.251,62.64236839510432,27.74801793185899
mp-636212,GaFe2Co,157.963,15.311,167.78595161314624,38.56534962132278
mp-21321,MnSe2,66.359,30.223,66.37079031605786,37.70021017074463
mp-675464,CdIn2O4,132.026,41.566,148.16379579523206,65.40592065730765
mp-20261,Mn(GaSe2)2,32.669,19.199,57.8237491583377,28.658430733618825
mp-974063,HoScRu2,130.162,51.077,144.30461658065417,33.963770492624676
mp-1111,Mn5Si3,313.656,101.503,176.36260711873078,86.84775320966126
mp-768241,Dy2Ge2O7,125.554,48.501,166.58003017452185,83.48007686078907
mp-9056,ZrPdF6,7.646,11.439,100.52726396705046,34.176282505783675
mp-996983,AgAuO2,63.604,17.878,100.46544817366559,31.939283260411298
mp-5076,SrZrO3,143.03,87.474,178.4117505879281,96.69376862987689
mp-9166,MgCN2,96.751,31.757,135.705439348912,82.55497385038694
mp-1299,SiPt2,206.108,65.451,243.04505140707104,76.8495104365099
mp-2675163,WN2,100.955,24.65,152.15800355643267,41.42969031052937
mp-2582,TiSi2,142.135,111.779,167.3262441810256,73.93216153905539
mp-542854,Mg9Si5,58.465,38.545,64.63680750905196,25.85982169411794
mp-2108,Ti5Si3,139.791,94.124,161.32173345981892,90.0672463792413
mp-7288,Sc2SO2,139.478,67.795,155.4735150404865,77.28757467223802
mp-7903,Cs2ZrF6,18.985,9.167,68.659866415914,28.39363927416336
mp-10602,Sm3GaC,67.541,48.714,76.76037949271914,31.935983452027017
mp-29633,LiGePd2,121.813,37.662,157.36842159152596,57.477271427804
mp-4316,Sr(NiAs)2,45.823,28.001,103.93900108837008,35.235996109246756
mp-18707,Mg3Pt,69.596,23.933,86.15569345143086,40.01171502513113
mp-912,LaPt2,143.888,60.396,189.48434772927433,44.53024959965355
mp-11714,SiC,213.331,188.708,255.10238110022416,202.4475308685491
mp-21907,NbSiAs,151.91,96.024,181.84664432069198,73.85136552545563
mp-6092,TbNi2B2C,174.217,71.075,220.3452393096968,102.45580462838315
mp-3415,Yb(SiRu)2,133.202,67.203,160.17498160496336,66.75557919443641
mp-21040,Zr2Fe3Ge,158.937,87.954,183.40327083326054,65.5658381060413
mp-9548,GeAs,20.046,15.662,68.64258787383899,29.360632101814897
mp-30494,ScCd3,61.151,29.259,72.33401318648522,31.788642915556565
mp-30595,CuSnRh2,177.039,63.304,200.2035666296849,51.00221308286464
mp-10528,Ho2AlSi2,88.264,54.353,102.13901781755276,51.79116028899252
mp-1205307,WSCl4,0.936,0.749,84.59751879004378,34.041228895758515
mp-15397,Ti7Al2O15,196.424,85.772,237.97236818133274,104.40521639831164
mp-1078526,GaPd,141.771,9.952,183.52458566474732,57.16477046559681
mp-995147,PbBrCl,33.6,0.906,40.369180808445535,14.126897523558984
mp-11515,NbRh,219.994,56.006,261.9928444362583,54.430127002628765
mp-12546,TiCu3,141.202,51.729,175.56047549337168,63.15491101762598
mp-1641,CrSb,73.845,48.058,86.2961952161366,48.20201662617932
mp-4406,CaSO4,64.243,31.298,157.6362139477896,92.25464356698052
mp-1016874,SiHgO3,221.487,68.309,278.96622231917246,124.52263040840066
mp-571520,Si,79.59,60.71,77.4479205521131,33.43421233977417
mp-23684,NaHCO2,25.163,12.017,71.11690160206989,42.78308951341579
mp-972238,Ti2VIr,179.691,84.534,217.98877450839692,52.989331889950044
mp-1025213,InPPt5,203.239,57.276,246.4139545065675,59.26009963112435
mp-559264,Bi2PdO4,36.71,24.815,141.9121371774941,56.541509406210885
mp-1029791,MgSnN2,119.793,61.364,145.07487832320803,82.5498166097
mp-972808,SiO2,25.788,36.205,167.7512894478606,105.3197708532681
mp-1007855,FeNi3,193.048,95.457,213.85606116227362,61.88202376335748
mp-71,Yb,15.868,10.038,14.216602117985438,6.919247644805128
mp-867744,LiTi3O4,193.852,81.153,218.26565073504761,67.64037833724771
mp-99,Er,44.76,31.02,47.28221881663617,20.893029755679304
mp-6772,CaBe2(PO4)2,84.663,51.832,183.25573235977947,119.22794909231168
mp-753195,Li2WS4,6.489,4.129,72.08384584498808,28.102240443949118
mp-22993,AgClO4,26.665,9.049,97.40659641677799,53.90033398427108
mp-11560,TiSiRu,203.131,103.155,216.47829216048893,81.32534144058702
mp-31160,CaZnSn,46.54,37.248,54.696383069063806,26.3909528011214
mp-927,CuP2,87.682,51.586,97.58015908834611,38.5170203923148
mp-1259,YbAl3,59.791,53.601,67.21981972955678,35.15492213839223
mp-21879,Ba2CePtO6,137.231,62.307,153.01545159789174,70.77836406734514
mp-4954,La(SiPd)2,120.576,54.617,143.5770616077518,48.59590522503184
mp-34023,Ba2NbO,24.277,53.855,46.038617795440295,-19.396386724200752
mp-540924,NbTeI3,5.474,0.547,52.47904226000378,23.10376718605444
mp-865884,LuInRh2,138.075,43.403,161.29225918921253,51.20215337759164
mp-1025172,Ho(TiGa2)2,96.685,60.465,114.54055716428255,51.09547190789116
mp-984767,DyHoIn2,57.572,21.948,65.66554088156886,18.166583503542817
mp-570786,KNa2,5.733,1.421,8.450561375778669,4.6352775878569625
mp-861889,Sc3Tc,89.781,30.851,85.58746752348887,29.056356156076635
mp-496,SrSi2,58.246,29.769,69.68220942565901,27.150044982288723
mp-867127,ScCdAg2,80.644,26.055,97.13331176233814,30.683575816144533
mp-977200,Na3C,22.193,4.584,22.755741601745015,6.388203467129522
mp-2034,W2C,334.971,167.632,374.5744723701245,98.59844215528719
mp-9907,SrAs3,37.824,22.866,67.46677918216227,25.23280250206932
mp-16053,CuSiO3,31.454,19.986,169.44400412505289,78.56588731684653
mp-2930,Mn3ZnC,192.524,65.249,161.4336275691781,73.10866668815132
mp-5549,MgSnAu,65.619,28.043,83.78219119858814,22.597712621004135
mp-15988,Li2CuSb,52.716,33.809,65.01833207756033,30.822990516497857
mp-2713,ErIr,140.411,56.862,156.31241131710547,35.46095858594919
mp-983584,Al3Tl,49.964,10.322,63.82034993985538,6.652051220662536
mp-998988,Ti3Ga,109.768,29.881,142.8930153972976,33.76757455642048
mp-867117,Sc2CuPt,112.788,44.091,109.0705443937713,21.159522193374485
mp-30585,HoCu5,116.726,53.682,147.68594120477007,56.40706957372102
mp-754823,ErTlO2,87.263,36.283,113.03801021084146,58.11815502318121
mp-643409,Ba4Y(CuO3)3,103.322,50.961,126.19715241263516,62.80859896404839
mp-2349,YCd3,55.533,25.172,70.57195479802697,28.11623876412654
mp-999318,NiBi,88.03,36.741,118.57158454576438,43.053874294227576
mp-1014,ZrMn2,157.977,43.71,204.35264574472222,62.62826748521051
mp-22522,ZrCuSi,145.249,85.05,173.29938102192585,73.33886340478443
mp-1017507,TmAu,86.722,18.132,100.48411363643181,30.626767169240203
mp-23260,BaI2,16.076,5.955,30.613694264735166,12.69851901976291
mp-865558,AcTe3,47.939,20.884,65.04091265863829,13.580564823870185
mp-999460,NaScS2,51.116,31.329,79.29154031914223,41.9843806117161
mp-20499,Sc2FeS4,71.369,31.493,91.63220003139737,52.73646251791927
mp-672340,LiIn2Ru,95.132,41.998,106.11387147096981,37.168292315332614
mp-569220,ErRu2,173.521,48.395,207.59156098586917,49.570540048696515
mp-5505,U2TeN2,85.916,52.251,147.66574615416928,58.97588528673018
mp-3606,MnSiN2,184.321,91.55,172.16495473301924,105.90401383124247
mp-973088,MgInAg2,68.284,19.238,76.4484065055038,17.064368785675534
mp-4809,Ga2HgS4,35.968,22.015,74.07384202230523,32.39634646220685
mp-23209,SrCl2,33.615,14.668,40.834860056956614,18.38302924734058
mp-1132,CdO,127.369,44.447,153.86267774599466,51.32242918333783
mp-7474,Cu2As,110.379,26.428,130.25388907879798,33.92214032773584
mp-11023,ScAuO2,134.634,43.218,144.4910321978392,75.02828933629344
mp-12120,FeN,293.289,175.639,246.19960493919388,65.26641008950966
mp-755552,LiYS2,69.089,43.12,78.3318215675243,43.082659539899225
mp-1017629,MgNiH3,109.663,26.812,100.92083227715082,63.804882584495765
mp-1956,TmGa2,76.021,50.722,88.91979930213552,35.645243901530705
mp-9330,CdPS3,11.099,6.8469999999999995,83.08608747356327,34.420193486036915
mp-867202,Sr,11.444,6.8870000000000005,13.158451857412878,8.575596687913306
mp-22687,BaIn4,33.333,16.521,42.50276066029539,14.785716057556092
mp-20716,PbSeO3,35.364,7.251,101.10836968298138,47.93935641308317
mp-7897,K3P,13.975,6.039,17.367247847965704,10.74475118801188
mp-1722,Zn13Fe,83.349,42.179,112.16196739110616,41.238930929018714
mp-1008282,Cr3Fe,227.443,93.238,250.22510379190493,39.76109719751464
mp-35388,LiSmSe2,43.726,27.524,68.05918843815293,35.559863302333916
mp-642822,CaC2,58.929,20.203,85.77934244347392,46.08332874849553
mp-1509,Sn2S3,16.845,11.679,72.71477106261753,33.77904685938272
mp-975793,PrTmTl2,51.881,16.163,52.29808844916482,10.611089414383484
mp-29661,Si5Pt6,180.761,70.297,235.86413671234305,73.98150595195256
mp-203,NiTe,114.446,31.57,126.26910253696879,41.84723558389034
mp-1105780,Bi2O3,33.361,27.707,137.46140179039784,59.605629797575446
mp-864952,Mg3Ag,47.879,33.169,57.33118720006042,26.953414089170742
mp-504935,K2PbO3,38.231,19.096,68.6838529392196,34.07046724186458
mp-74,Rh,252.9,150.16,295.1581788131741,67.72666324011969
mp-19717,TePb,38.461,24.006,50.734936064450466,23.496597583958746
mp-10060,DyBPd3,143.573,17.014,172.63175680696767,40.94990106222723
mp-867507,TaGaFe2,222.56,126.478,237.20218381755132,73.82583451025315
mp-865097,NaHgPd2,80.025,24.87,96.62937309613196,24.363838351543194
mp-20905,OsS2,193.971,139.154,209.39730385249743,108.61195806210328
mp-1539,ZrTe,94.136,55.771,110.75344115502978,59.240419678293726
mp-4595,VFe2Si,243.627,2.215,276.4907021580692,80.07606849059032
mp-2348,Zr2Au,119.202,46.202,141.91471700626659,30.611587977988865
mp-1002206,SiC,252.718,221.298,301.77649333518644,193.76510146692553
mp-997084,RbAgO2,40.617,18.339,59.9038512815027,33.806024199272876
mp-861600,Ho2ZnIn,60.928,31.772,68.57609520816392,23.988484854010665
mp-1184,La2C3,106.014,11.549,127.94646833303946,46.68108236218578
mp-29175,Ca2AuN,59.67,26.965,76.0932479628347,38.15855776772035
mp-960,B2Mo,303.426,158.777,353.71214493878745,123.04484442992012
mp-982664,K3In,6.456,3.082,8.18854329723826,4.45705235357267
mp-4826,CaCuO2,120.874,63.044,143.24173058062732,74.75671045904629
mp-1007,DySb,60.478,34.856,88.60203735212247,33.21557760598056
mp-977399,LiMgPd2,84.673,40.498,99.61406978868077,44.58646860946647
mp-3148,Dy(SiPt)2,145.085,12.014,190.6341730440126,62.9003927987183
mp-1775,SnAu,72.865,20.977,92.68408332588226,19.791917809222845
mp-989635,CaMoN3,106.478,46.526,147.49501586308102,42.50429469526966
mp-864789,Yb2SnHg,39.222,30.672,44.53029939624679,18.45520849945903
mp-541627,K3Fe(CN)6,18.725,8.879,91.84057925166701,34.444264896195136
mp-754040,CeSmO2,141.282,73.418,116.5231640035197,60.0196973317205
mp-21888,Tm3SnC,40.815,8.526,46.741520103955715,-6.490909045331168
mp-1388,DyRh2,154.129,61.485,197.36319008377757,52.20945897830881
mp-11358,TaCo3,242.198,141.455,268.3235861964162,86.06938730569371
mp-16496,Al(CuRe)2,210.864,90.488,261.12850399443283,86.45795273403621
mp-861479,PrYMg2,39.202,22.951,43.061809396991194,17.93676354761804
mp-875,AlOs,236.689,124.889,270.05568858321453,82.90861774947739
mp-867788,TaGaOs2,268.88,122.335,294.29288284322195,64.5169632039625
mp-2388,CdTe,46.602,19.072,63.77522384885065,19.44455929979022
mp-9814,Cu3SbSe4,60.879,20.692,67.5806635866993,18.991430846430443
mp-19971,ZnCo2Ge,179.248,26.3,199.21805792382045,73.85188874330417
mp-2050,HoSb,61.329,35.415,86.39171528360927,34.81999088905151
mp-1029784,Rb2CN2,25.925,11.927,51.221915181535394,24.744819924423325
mp-989530,SrTcN3,100.89,42.097,104.04733589659133,30.54798526425701
mp-978527,SmDyTl2,54.144,16.825,54.68484958494705,13.23232733916665
mp-1275,SiMo3,251.363,129.281,296.09940899244697,83.51242010739747
mp-862830,PaTlAu2,99.51,24.885,118.75228083850546,21.335985297766356
mp-11520,YNiSb,88.707,55.328,115.91854739732594,53.79028861422451
mp-3804,Sr(PRu)2,87.317,50.755,134.47918103860016,56.93127622789959
mp-3486,KSnSb,19.885,13.626,34.748640238863665,16.378694293878574
mp-862871,PbCl2,29.472,8.309,35.1299422110596,12.544700988319066
mp-976598,LiHf2Ir,142.948,57.973,153.87416012001424,37.20297251270947
mp-20549,CaPb3,38.108,18.658,39.17849695562756,9.13741246972354
mp-753495,Sb3O7F,169.58,105.424,220.61155437901388,114.85497202696638
mp-583266,MgZn,54.259,16.418,63.496253184348696,29.106495777303785
mp-1007824,GaN,50.017,22.424,58.84465019442577,22.517652197033776
mp-977439,Ce2ZnPb,35.63,16.368,55.32666228389361,18.87273200027233
mp-832,HoPd,94.522,35.725,104.07355306392924,27.32174286127513
mp-1100,YbC2,64.179,8.69,102.56010707646384,56.107244760460596
mp-22973,NaMnBi,23.646,13.384,25.4921657390398,20.113994250910576
mp-505804,Ti2CuSb3,90.931,51.886,118.05856899783794,37.34324125205769
mp-1016442,SrMg6Ga,29.542,19.932,37.92662466785776,18.564205739187912
mp-862986,PmBr3,3.842,1.7469999999999999,34.01991630453479,15.402647741939436
mp-862720,Sr2CdIn,26.36,15.966,29.100620737384187,12.996284024031654
mp-8623,K2Te2Pt,22.506,10.459,40.487243918116775,16.026637719436685
mp-16341,Li2HgGe,41.262,4.176,55.10988969718591,17.161287616364167
mp-1008490,BiI3,34.173,1.423,52.54500460323113,-0.6455970416756567
mp-505599,VNiSb,142.304,47.873,136.66634571683593,48.43262305508427
mp-9060,RbPdF3,67.565,22.825,74.20952766636366,17.90839917347487
mp-753260,LaAgO2,90.615,23.117,112.28407512829745,47.56785305411878
mp-10178,LiMgP,55.743,22.303,69.74912612616664,38.20665033595291
mp-866192,Li2YbSn,34.107,29.306,41.27060053778498,29.115282728027108
mp-976793,LiEr2Ga,54.254,36.081,55.19086660465974,21.06037750875792
mp-7926,TaSe2,22.817,13.913,125.6004521209005,45.24215185751281
mp-29520,LiAuI4,6.138,3.8,36.369988349965865,12.241632711219086
mp-5841,RbCuC2,16.425,14.044,44.973406886980186,22.27294878009347
mp-10398,HoNi4B,150.211,79.36,201.0259171455304,82.77515176168878
mp-2347,NiAs,116.72,18.447,124.40854348307342,97.88854240573676
mp-1018053,InCu,68.624,19.561,93.40242250330674,33.769467138864854
mp-3721,SrHfO3,154.085,98.02,191.74232576735142,105.44271583709518
mp-1540,HoTl,55.065,19.277,54.754469365158464,13.880411508341846
mp-30365,BeAu,148.197,42.582,162.20591912024204,50.867909355210784
mp-973141,ScCdCu2,90.97,37.258,110.36132790971463,40.48671496791653
mp-984627,Dy2ZnHg,63.653,27.597,72.43230373388934,26.339278397690432
mp-865038,HfTaTc2,222.224,99.455,253.1542377612327,58.60579796759453
mp-27984,PrClO,72.722,33.187,111.27997419117744,49.328454550774005
mp-12072,UAu2,111.096,48.418,147.5123786630628,56.49336117318378
mp-1601,TaRu,253.312,75.517,285.0887606635199,40.041850074499415
mp-981365,V2ReRu,268.222,126.088,324.437525619537,76.38413021104941
mp-23,Ni,173.808,91.592,233.34603659452037,77.09185508630071
mp-1078278,CrB4,274.936,261.781,325.81754033657467,193.52802210192544
mp-569708,TiPt3,234.145,105.465,290.24717943235265,91.9839073878471
mp-9318,KZrCuSe3,30.478,18.801,69.8690980696966,31.240390291057487
mp-5749,Cr2FeSe4,52.11,33.226,67.02994527829838,48.0646145104827
mp-2879,SrSnO3,137.515,74.953,165.664184394628,91.19897266895391
mp-6613,Ba2YTaO6,137.826,79.834,174.72925667964674,93.97191782764085
mp-30053,NaCN,18.145,11.602,54.56971173248783,26.88578198053517
mp-30835,TaPd2,205.117,73.846,263.042501580558,73.11245558624758
mp-1025229,TiGa5Co,108.798,50.857,132.12857357945344,42.026422828435386
mp-8354,LaF3,109.184,26.885,125.98746365965573,46.62463747579262
mp-143,Tm,45.516,31.32,49.801381531683,19.677172465117305
mp-3055,NdB2Rh3,199.655,90.324,229.62685227711216,73.33887654837915
mp-13070,Sc2AlC,86.185,56.9,107.88230131958419,58.29833085124348
mp-979459,Sm5Mg,35.469,16.772,33.879834344361534,14.07764086468322
mp-559044,CuCSN,47.668,19.3,83.91053857847145,39.41135002651386
mp-862705,AlZnIr2,220.942,108.285,244.71001501086536,76.6836579524966
mp-1432,Be2B,144.862,92.441,169.9422768138356,99.78964860025914
mp-865757,YbGaRh2,130.602,55.665,159.70697496263696,55.61545216581164
mp-1017985,TiAg,102.455,28.597,135.09791630765653,40.1375752201593
mp-27689,PH4Br,14.902,8.571,53.51349551228151,32.98416215580816
mp-1017377,Mg6SiB,46.07,21.502,60.16209368490319,27.947814046376564
mp-568789,TiSe,112.457,75.306,132.92807707831696,66.2473776452201
mp-558392,Bi2Ir2O7,202.159,15.516,203.27101425543927,82.83763518211249
mp-546621,ErBi2BrO4,69.714,36.579,119.68297687935788,60.398374859724875
mp-20237,CoNiSn,160.052,49.515,167.92874729937097,35.547162873998715
mp-8470,NaPrO2,84.293,42.149,117.4565750548988,60.40126443922111
mp-1191390,TmAlB4,181.007,153.686,211.6831740641293,145.04653079447218
mp-974527,NdSmZn2,53.007,28.981,62.075972670530106,24.024296791209903
mp-22756,K2PbO3,39.098,17.293,67.83105807397325,33.19167015448367
mp-10965,DyAgSb2,67.671,36.442,93.59690982123843,31.07024717911061
mp-567389,Li2ZnGe,42.925,25.919,52.43141976533474,17.00675763231803
mp-571271,TmPt2,169.621,75.074,190.93682851778593,60.01548482493677
mp-971958,Tm3P,60.974,21.319,86.85128241592393,10.025432064826285
mp-867762,DyMgAu2,84.578,20.809,92.77662876394751,31.338262098699722
mp-977011,H3PbCI3NF3,9.507,5.147,42.35627559216983,25.559882524788282
mp-1019054,ReC2,348.768,194.625,419.1668008594765,186.19094123919285
mp-12070,CuAs,106.034,24.932,120.93222926619865,42.74770575589241
mp-4157,Sr(NO3)2,31.616,13.799,120.27982114331256,61.957726178171285
mp-13108,SrHfO3,156.926,91.657,193.776902890129,103.91432082287349
mp-30351,MgAg3,77.693,17.218,103.75014585744513,29.819149203139922
mp-865195,TmGaRh2,147.294,55.923,163.54074225409443,54.84612440066576
mp-2297,NdC2,101.733,37.086,133.38609279495964,46.9110823953358
mp-31018,SrAgBi,35.76,20.895,41.68476876738477,18.838243386277245
mp-5090,Ti2FeSe4,57.172,41.074,103.4595576831373,59.24249057215586
mp-979934,YErHg2,63.799,28.694,72.85553849112313,26.325853290006783
mp-567412,Y5Sn3,62.369,45.075,72.18513709020088,34.851933626235095
mp-975321,LiSi3,40.544,1.5819999999999999,69.09150114077215,-4.165569810214878
mp-510076,Rb7Au5O2,14.598,7.755,22.62042824525718,12.363131428353993
mp-1975,TmN,172.542,137.49,223.30408750557785,125.55371208691933
mp-1025370,InSiPt5,198.864,66.434,238.80269020988348,59.06079796238316
mp-2449,NbRh3,248.556,148.259,303.33764209466364,79.19335454496932
mp-1018714,HfGaCu,125.165,70.481,159.21247770517112,59.4713137158358
mp-1019259,SrSnHg,36.162,21.448,44.45336129848613,17.811295982440587
mp-22901,KI,12.418,5.209,16.3450120368511,7.6695218658359545
mp-30981,Te(HO)6,26.626,18.976,125.47742476553995,97.12600902481594
mp-10039,Pr3AlC,61.702,40.798,65.51887150356987,33.79647152365913
mp-1078,CaCd2,39.906,23.145,47.22676699751297,21.646620523503255
mp-30564,ThCo,101.93,22.233,122.68092786436887,26.579962974958924
mp-437,MgAu,81.405,25.035,96.3804882578681,31.347131147613013
mp-11286,CaHg,36.327,19.466,37.97164180971706,21.435017900294042
mp-8039,AlF3,124.366,76.51,140.79851730247458,83.53554552411795
mp-865191,FeGeRu2,223.605,101.794,238.0048028069411,65.59493922362209
mp-978083,Pr2ZnAg,52.345,20.487,61.127057265411345,21.40742531287629
mp-982869,PmYAl2,60.622,35.164,65.39967455244962,16.674807989845952
mp-972828,Cu3Si,136.43,53.369,181.46364967377212,45.89515249673207
mp-10161,KZnSb,24.144,15.515,31.528255582042448,16.19166809928782
mp-1332,Si3Mo5,240.773,121.292,277.6699856965725,88.61394840072285
mp-1046056,Ba2TlBi2O7,27.729,8.573,99.70798312352436,43.39930473729601
mp-2644,CoSb,148.223,69.404,180.74930591569264,69.11872984078644
mp-977542,LiTbTl2,42.072,17.115,46.92187887403727,16.83579095509744
mp-754326,NaAgO2,58.425,26.511,79.5694713482578,41.19313434780868
mp-973316,NaLi3,11.571,5.99,17.025919547359248,7.137475765718946
mp-8883,GaAs,60.75,41.228,76.59843954517093,50.389785259375195
mp-17332,Sc5Ga3,70.414,68.245,78.04237806289846,34.814334243927746
mp-1025350,Nb2CoS4,22.211,63.614,147.0142169003612,47.58862187288478
mp-20999,La3InN,65.083,41.796,67.63248198077792,30.83627669324724
mp-865523,TiMnRh2,183.807,75.228,198.8470973839857,47.51934991979072
mp-8697,ScBO3,158.788,71.217,191.59181273890982,108.39900906426867
mp-4510,DyNiSb,90.475,56.439,123.005984136103,56.53260250071082
mp-546973,SrSnO3,142.602,88.097,176.07842758751323,96.96639803047461
mp-19816,Sm2In,48.746,20.676,55.04951375625023,23.20857357269153
mp-560358,Zr2P2O9,85.09,47.769,202.09493723289935,108.69389105127644
mp-350,Zr5Te4,68.334,35.885,99.62738795540888,47.38956098556034
mp-1002210,EuS,79.757,18.648,61.920308861255265,33.44621217186439
mp-4815,Pr(SiRh)2,137.912,83.789,182.22984166078973,75.6468247457104
mp-16526,AlPt2,203.954,60.327,259.67059436005786,67.26489643923763
mp-865355,Zn3Pt,137.109,52.461,149.2152063560532,37.40241335618375
mp-980760,SmNiGe2,99.958,44.624,119.75660606803919,55.030146826643865
mp-865731,Li2HgPd,52.245,13.98,74.70367360665571,22.690856695083767
mp-985439,BaPAu,57.169,33.396,70.44430724378958,25.80987145045625
mp-864620,CaSmCd2,42.683,22.585,50.3210177685361,23.638155064675843
mp-1804,Fe3N,253.773,180.178,200.7924131031966,63.22475693526478
mp-1025349,Sr2ZrO4,117.107,66.772,147.20521536978669,78.11103632720308
mp-13263,Ce2Mo2C3,136.107,81.553,198.64639383285376,72.03388553734196
mp-20012,InSb,36.737,19.944,49.09244635250985,18.783704119287552
mp-570677,Ba5Al5Sn,29.211,18.994,38.82194618272111,19.22817771409787
mp-10446,Sc6NiTe2,71.461,15.21,79.29990969098118,31.65044146760783
mp-29647,SmSb2,58.083,28.693,75.8014069382076,27.41496146621484
mp-862473,Sc2AgRu,111.847,37.977,117.65014170100952,34.00189325148708
mp-22996,SbSeI,7.09,5.167,58.489249270508175,24.639785417642877
mp-974415,Re3Pb,244.499,26.112,241.90349887644342,-25.068195981122624
mp-1002230,PuBi,33.229,0.486,69.26950179880548,-12.62450954957407
mp-22769,TiCoGe,168.613,76.495,191.59031983972125,84.25647793017025
mp-11957,CaSn2Ir,75.338,38.941,97.68585629186317,28.556230831034384
mp-978964,Th3Mg,52.8,28.975,57.52854268820113,11.470425224976774
mp-1008928,EuSe,38.732,15.025,53.67785902916122,27.34169274108722
mp-21188,CeNi,71.273,15.258,88.46539522140647,7.273938758598843
mp-30371,Cd5Au3,73.514,11.916,104.95085384411664,22.33502306330981
mp-22908,BiCl3,4.002,3.6950000000000003,61.093243883905075,23.94353801137118
mp-760432,Cu2O3,95.16,44.243,177.99446230392024,72.57331314274757
mp-22752,FeSn2,80.683,60.881,113.4755274187407,42.57286680858291
mp-979962,AcYbCd2,36.361,18.723,38.28172054180633,18.14211668082208
mp-1476,ScS,99.417,53.382,133.7876054960333,47.1984356137689
mp-31510,NbCuTe2,65.953,37.452,108.94240831774522,49.30313776644153
mp-754567,NaCdO2,69.553,28.076,96.41808085964348,35.92912271873437
mp-864915,HfBr3,5.026,2.429,44.32187815446832,18.475739586632574
mp-470,GeO2,202.915,130.151,242.2492404479596,137.6044748804357
mp-1025323,Dy2Cr2C3,160.099,68.541,200.85505546157344,80.724159797433
mp-2022604,Ag2Se,25.252,12.062,86.15925369323557,21.04167352828363
mp-1018709,Hf2GaSb3,93.197,62.432,122.09753137643959,43.740459041461605
mp-975801,PrTlAg2,61.809,18.365,79.37338609984437,20.221712841320535
mp-867920,K2Rh2O5,84.38,47.77,137.1035014254345,47.37855238394768
mp-4998,Sr2IrO4,128.645,47.185,162.73079368581585,68.08531417835619
mp-5723,ZrAlNi,130.593,73.136,156.81177552388746,47.36592122189254
mp-450,NbB2,286.562,201.475,321.71597094900636,173.18367370366047
mp-4962,CoSbS,113.942,77.053,143.63916828651637,63.66326826575979
mp-20796,InPt3C,196.047,7.245,233.26859374553956,29.444979403279238
mp-13277,BaLiP,39.363,29.534,47.23525377901873,25.551923271721815
mp-3536,MgAl2O4,182.861,98.235,217.00208032342965,144.58344095691953
mp-22568,V3Ga,168.668,52.731,205.65212355742753,62.97222239377725
mp-962077,TiAuCl,68.261,5.193,100.57817445785084,-1.0303348916410706
mp-3346,HoZrSb,80.205,39.455,103.49878901039109,43.84365700424376
mp-505824,Cs2PdC2,27.319,12.019,40.5185354446862,18.020905724744992
mp-23933,AlH3,27.922,35.304,64.02171566322656,42.026020386964916
mp-1773,ReB2,337.733,276.94,404.47247411093423,173.99446953186606
mp-559976,Ta2CS2,34.146,23.124,206.37490735559345,76.36311949751267
mp-7472,RbAuO2,28.089,12.606,48.20295540894861,25.76836703701895
mp-10931,HoSF,110.246,56.989,129.98170920292588,56.13970630315272
mp-22707,EuAgSb,40.661,27.11,53.14682946078376,26.620797297200184
mp-865320,Lu2PdRu,115.779,46.14,129.75032443701062,27.901876604425492
mp-862815,LiScAu2,82.368,15.743,85.67502046900599,28.126326170694213
mp-569671,ZrSb,104.291,59.306,136.4504729649576,55.55624140183512
mp-5821,TaAgS3,82.882,36.596,128.8653223819974,48.09752256955863
mp-1400172,SbO2,68.54,37.802,118.34133503169652,57.30107840865653
mp-38605,Sn(BiTe2)2,16.764,13.418,50.66781595050655,21.883257435165216
mp-861974,PaCdPt2,145.981,32.81,173.0378313288845,18.714896151677348
mp-864898,Na2TlBi,22.587,16.745,22.310485636225188,7.825927509040602
mp-20070,GdTiGe,73.046,43.448,95.39629912099889,46.96237058927243
mp-2781,ScPd,110.671,32.904,123.0899087354963,20.39294219474947
mp-22412,Ba(MnGe)2,50.054,34.428,76.52367670402055,33.164975482270144
mp-4561,UAl3Pd2,116.197,63.137,152.1968132287294,50.76844615063231
mp-408,Mg2Ge,49.429,42.782,54.72261813714923,31.259016872397243
mp-23507,InSn2Br5,11.176,6.001,29.04148535718027,13.581654816735373
mp-9172,Li4TiO4,79.937,43.617,129.54185989989742,65.2022352189903
mp-10750,Dy,41.225,26.058,45.034915259192466,10.510359404571961
mp-1185209,Li2ZnSi,52.049,42.979,52.32861757870346,32.68055216532612
mp-1029595,Na3OsN2,41.387,20.467,72.15331530177137,29.16737823982631
mp-972845,SiMo,199.027,101.53,214.1835560615036,65.32481120787897
mp-755544,YTlO2,83.732,34.596,108.6513906595456,56.95972765628973
mp-975834,MoRu3,295.76,165.564,350.5815060112703,95.45867245037357
mp-22262,CoMoP,244.767,123.348,267.870402486927,80.99645752391574
mp-1018148,ScAu2,117.569,46.472,150.06245988003081,37.53624241499001
mp-17702,Yb2SiO5,81.431,30.023,138.18014668281057,76.70271270862152
mp-5046,BeSO4,37.858,34.279,157.1339436410794,91.19350203331163
mp-34903,MgGeP2,63.914,32.097,76.09680478336901,29.459480589086983
mp-867123,TaTiOs2,267.946,94.516,301.0542444316834,61.60384657302487
mp-5605,Ce(SiAg)2,90.121,51.335,117.34046987409523,56.766564545283735
mp-3281,Al5BO9,159.267,78.213,185.13731274967503,118.3635027814723
mp-5729,YAgSn,71.171,41.828,87.78038112273754,40.244432502826136
mp-866081,MgSc2Os,105.142,25.439,121.56946598802058,45.53665348880632
mp-29658,ZrNiH3,166.689,69.397,184.8377720423095,73.87949602191496
mp-10739,TiPRu,219.7,102.358,246.89805953127376,70.02595518622586
mp-1424898,YBiO3,113.052,19.427,129.93049726582046,17.07994563841088
mp-1018689,ErZnIn,65.841,40.822,72.67292964718811,32.262858304885086
mp-1240,HoS,99.911,42.662,132.80899298291627,56.43564579407086
mp-2078,TiCu,127.744,62.551,148.86020868572072,47.633360291405474
mp-4652,MnRh2Pb,151.048,28.127,179.64281495964627,39.69902960088314
mp-2725,TbIr2,196.495,86.675,220.72305400615366,61.848674662294954
mp-985283,Ag3Ge,82.772,10.842,110.93636027598993,12.827509509093808
mp-4227,BaVS3,46.423,2.098,77.93341390180245,34.48233164684007
mp-102,Co,200.587,120.256,211.14054409413157,77.3611995474888
mp-570568,W2NCl8,4.479,2.06,86.80975959983091,31.975585343832723
mp-2626703,BaCO3,50.172,19.045,92.25562597631793,45.54974114115314
mp-864631,LiNbRh2,175.191,56.338,185.74804978935634,44.706720164746955
mp-21318,PtPb2,74.915,19.891,103.61357593490105,25.974963744593246
mp-567406,SmZn5,76.323,41.622,84.49122180170646,34.50917492182416
mp-910,NbC,296.238,180.981,340.046395862938,128.17613017296932
mp-1705,Sb2O5,125.537,75.478,225.83846524555761,123.97103886107922
mp-10261,TiNi2Sb,137.552,27.593,178.07602414955363,25.67179729755372
mp-720,TlF,6.828,4.15,37.83158925313296,14.41042531830983
mp-10086,YSF,104.335,54.195,121.03518382194595,56.829174119611935
mp-13436,PrMgNi4,113.482,48.482,129.95738225211653,54.78998115819069
mp-34240,NaZnAs,42.014,15.206,57.02228951244349,30.996409159723456
mp-22863,CuI,6.287,11.412,50.360084605653704,14.305676101401179
mp-13900,Sr(CuO)2,68.022,26.331,117.51781507875666,49.66741539082756
mp-10755,TiFeSb,119.461,56.301,171.1339236818819,71.08764941124645
mp-553310,CsCuO2,29.967,12.092,50.08708726927634,25.334021004613763
mp-757,Li3As,34.809,30.48,49.5591836277961,31.340750920462156
mp-2802611,H3ClO,8.222,4.34,26.375138047472362,20.169325746508548
mp-258,ZrV2,138.858,8.879,179.30510688636912,34.30516577170295
mp-568565,CrAs,97.069,68.271,107.98145050858608,44.09211998029528
mp-29417,Na3ScBr6,14.933,6.566,31.85811924571856,16.28702391710224
mp-603347,TiNi,145.461,61.591,194.15816867094918,50.20040308898845
mp-8102,W3N4,344.254,70.766,406.7918478773102,56.57590431014738
mp-5175,NaInO2,90.689,50.611,135.34825419798773,65.75243262491045
mp-29398,Cs2HfI6,6.99,4.16,27.44238239335751,12.997931372452605
mp-4454,CeCo3B2,321.221,472.294,232.70620888182438,93.1999251128892
mp-2033,Ni3N,201.929,73.848,209.2909830751166,54.33471389879144
mp-31038,CuSe2Cl,5.622,5.1370000000000005,65.96048728090078,21.28039791557253
mp-555056,SbS2NCl6,4.891,1.901,58.08677671333853,25.121848186660994
mp-752849,Y2Pb2O7,139.254,70.675,155.15175672860946,69.79493523507423
mp-5072,Rb2HgO2,23.964,11.792,32.497059014030945,18.830606397351648
mp-864936,MnGeRu2,227.345,109.437,232.42213774225172,71.94090726284068
mp-1426094,AlSnO3,152.634,53.245,131.94742608879596,58.598917114526316
mp-1552,Mo2C,295.211,151.829,329.741049025407,94.57450619819413
mp-864788,NbInRu2,210.794,96.619,255.68532424343385,72.82624140872653
mp-549158,InCuO2,120.572,35.461,145.51149156178835,60.34400028947438
mp-997616,BaC,37.274,2.787,34.17749108942329,3.347418755572429
mp-631536,KBIr2,136.47,27.99,131.5463754120953,19.721496317541842
mp-864606,AcCuO3,163.571,81.723,188.05953664723006,85.67790473625666
mp-10695,ZnS,69.082,33.55,74.34586648368804,39.48040199744929
mp-6961,Sr(SbPd)2,69.54,20.054,87.66833942599617,22.742481352952503
mp-557266,HgO2,41.06,15.676,83.37339209628134,28.100235563918762
mp-754134,HfZrO4,203.819,98.598,219.1505433521324,94.94104951654424
mp-977310,OsAu3,183.641,15.146,240.97777292793205,44.26211084228655
mp-23709,Mg(AlH4)2,17.913,7.326,43.920400952764425,22.90312483307449
mp-30344,Li2InAg,43.023,15.372,54.64756805172926,14.611849988832503
mp-1345518,CaTi2O4,155.411,86.945,217.78754727604206,96.16322529043045
mp-11366,ZrZnCu2,121.262,42.491,147.05030859944506,48.960712674162735
mp-35035,KCN,15.286,7.891,42.63554465745429,23.614786174022175
mp-328,Zr2Ni,117.807,20.086,142.56994643740057,33.31217969758521
mp-568587,CrCuSe2,79.768,30.456,77.78377438457659,40.97388511078701
mp-23041,SbSI,6.858,45.967,57.98212383719607,27.328972973928973
mp-30825,PaRh3,212.903,92.757,237.2262471064088,48.60254730755829
mp-510557,CsN3,15.276,7.301,47.15477986668894,27.50025177069611
mp-30472,Ca2GaCu2,53.652,25.146,55.45536730646881,23.866066051785097
mp-1216966,TiCrB4,277.905,223.639,317.52627898793827,178.51858447401452
mp-1039106,SnBi,49.232,5.49,60.919610157275166,5.607155236554838
mp-867979,LaInHg2,52.025,11.561,70.6627217996997,21.99719323198167
mp-7364,Ca(SiAu)2,93.089,36.257,115.00709134308856,31.18635544791978
mp-10010,Al(CoSi)2,187.321,97.117,203.26146035158166,77.41830084164236
mp-92,Si,107.613,62.896,112.27987262420697,37.081443327851176
mp-242,SrB6,144.836,110.605,164.13130156013395,113.05105994055153
mp-16488,Al9Co2,107.487,72.22,123.45309965302198,50.520372760165166
mp-30080,Li2GePd,62.413,22.035,78.38810299281401,15.572956427118797
mp-30658,VGaNi2,167.969,38.51,222.08713028132004,50.622328660341374
mp-570557,NbCo3,199.865,38.258,260.3136958458113,88.02607130691796
mp-975868,Li3Al,26.875,18.203,37.48076305245256,18.013937916021533
mp-505198,CsCu4Se3,37.252,15.102,69.50302457997374,21.30257850980789
mp-770649,Li5NbO5,99.64,64.543,159.85803756658262,85.54499072416051
mp-1018121,TiPd2,160.261,99.939,191.62771875246676,34.295248081594025
mp-20214,UGa3,83.085,52.872,94.52879077042499,45.553150648137674
mp-865113,NaNdAu2,57.865,17.696,64.09372688604036,21.246943598556562
mp-1025281,Ti2NiSe4,69.621,41.997,118.56900120867654,51.957517048839804
mp-8932,Cs2SiP2,15.288,8.595,33.50357841176877,17.457654588226188
mp-982245,PbAuO3,132.88,48.968,147.73054776758747,55.97066318963654
mp-982780,K3Cd,5.074,2.625,5.169780036006974,3.057374778315326
mp-16482,TiAlAu2,138.455,26.152,164.96506545717844,22.171061888321763
mp-1025377,Cd(AgI2)2,10.114,5.05,30.471464073413447,9.476672218307312
mp-20106,Li2NdSb2,41.162,21.469,60.76814951687994,29.781822421472416
mp-22541,MnNiSb,98.538,0.5750000000000001,108.90135509943119,19.794350089146857
mp-982070,VIr,270.236,116.36,315.42722335437236,63.30937539195451
mp-865871,Li2ZnAu,46.741,4.542,65.6220373523603,26.168000858769492
mp-30683,ZrGa2,99.541,62.966,124.82730158944851,43.1529365167601
mp-567220,Hf2SbP,122.772,69.177,135.31301276146596,48.99693809589965
mp-1734,CaZn5,59.683,35.088,65.22571131172121,33.42818632459975
mp-862431,Sc2AgOs,123.096,45.47,128.4009525323074,46.60412189532255
mp-569270,V3B4,278.729,233.825,321.1247500633448,176.08055385182237
mp-567203,La(SiOs)2,136.757,80.697,202.56387767300546,68.89823222738858
mp-866109,HoNbOs2,200.406,84.188,235.05226891433864,58.5501794280919
mp-974253,HoErZn2,62.845,30.971,72.27189029522668,30.700910219492876
mp-755323,DyClO,69.64,32.308,118.96325763075845,55.30688104545301
mp-865533,Ti2ReOs,240.23,110.684,271.8042935772678,68.51010221114028
mp-30846,Sn3Pt2,102.187,30.087,132.5195660450968,39.126586980107376
mp-1029531,Sr3ReN3,58.683,28.697,72.20170209525784,35.442312799329606
mp-2205,LuPd,102.592,40.255,108.10488786811281,29.48923285541808
mp-20290,TbCuPb,69.232,45.363,91.40525671348385,41.709345116332344
mp-28770,Ca2FeN2,77.679,42.257,110.14209191561379,51.524805812204754
mp-1009848,TcC,239.569,47.813,287.1538623932948,31.16076393617421
mp-21910,Nd3AlN,32.77,10.085,31.0865070168816,-17.45502402443186
mp-20697,ZrNiSb,133.345,55.766,157.90082848925377,64.72486954399935
mp-13459,NaCdSb,32.293,13.704,42.19440172714776,16.657124536068647
mp-3208,ZrGeTe,52.592,43.277,114.02425290207427,56.19843996199254
mp-4043,NbCu3Se4,33.566,22.259,87.12092401777791,38.68941463556855
mp-867902,LiSiRh2,186.513,102.23,208.6802893876279,92.24808820574457
mp-1018107,ZrTe2,13.477,13.397,67.03485911880726,27.78011269827065
mp-1025167,Hf(VGa2)2,133.265,85.459,158.18066732132255,67.69264548233566
mp-570791,SiC,213.212,187.261,256.4498891415214,202.22423128027668
mp-35841,Li2CuGe,58.787,40.226,83.19260379498655,43.678446621848195
mp-3387,CaSiO3,214.891,122.375,239.74782242722424,168.96711010961675
mp-11375,EuHg,41.48,17.948,37.095061378828255,15.668114744080373
mp-319,Sm2Tl,48.346,18.805,49.333557428171574,15.967708974008021
mp-12059,Sm(PRu)2,142.12,93.691,205.59786118867794,84.85423821472958
mp-865507,VSiRu2,250.046,119.671,294.47733459746064,72.55967178528353
mp-978552,SiRh3,238.173,104.483,290.0606698728935,68.93682185190822
mp-867158,SmCd3,56.236,23.153,75.19614437577118,29.34008946123837
mp-985438,Ce2CdHg,77.089,16.069,52.150216755606735,10.274492593517813
mp-10402,TiTl2F6,25.672,7.213,66.78259593380585,32.1837595267119
mp-866116,HoTaRu2,183.596,73.942,221.56785857159056,45.069920992304915
mp-862372,Sc2RuRh,148.186,63.627,158.95326538309047,40.39537646218647
mp-1018649,BC5,376.878,331.922,365.5729769524479,247.32505413235177
mp-21374,Cd(InTe2)2,20.89,12.794,44.29892367860129,17.24779569831138
mp-972257,LaTb3,34.964,19.382,37.251014016475615,14.028761834128774
mp-984240,CsCaO3,40.397,10.838,42.33775065719617,20.183322834998176
mp-10256,VTe,62.066,40.094,70.6819313366963,31.80907996599701
mp-16521,Al3Os2,202.423,117.084,262.3660862798835,73.04218369557427
mp-865713,Li2TlBi,30.009,22.827,36.44702497512314,14.463521502039763
mp-1025288,TbGa5Co,92.096,54.393,108.19260030395431,44.608003879156406
mp-7163,Tb,40.344,25.572,45.16556205870016,11.728625652022968
mp-568806,C,112.835,71.286,145.75322284077623,81.69170768879958
mp-861510,Pr2SnHg,53.848,19.059,59.90961795040695,16.774079293225284
mp-11517,NbRu3,254.366,135.775,287.7569187797698,43.88226763173148
mp-30363,BaAu2,44.664,16.757,57.339472651781904,23.513209001675772
mp-13181,LaF3,125.291,12.21,139.4673204042823,24.279279003820953
mp-570910,Rb2CrCl4,20.171,9.206,32.61966095090988,17.865344484586906
mp-13095,YAlNi,92.941,38.915,103.55890059220341,41.77871632231138
mp-2334,DyCu,71.228,31.884,85.37969927012279,35.62249247908759
mp-20211,Mn3Si,227.244,100.274,243.76750130681458,82.15716088322691
mp-12765,GdC2,82.475,40.245,136.2369397784517,58.53406946125475
mp-961696,MnCoSi,181.264,72.168,211.36264152877175,44.19446441047315
mp-448,CoN,248.591,47.951,121.95303762107153,21.462799264629275
mp-3747,Ti3AlC2,158.241,128.029,210.52702481347308,103.27522564386142
mp-1016826,MgIrO3,172.48,16.076,210.52313543333028,8.745901907122677
mp-8161,CaPdF4,75.302,30.762,96.48234496728581,42.465969384414024
mp-2468774,LiCuS,62.759,30.22,89.78918006349018,41.572173257221976
mp-2659,LiN3,35.899,18.796,89.0264328204668,56.494093170580626
mp-1447,SmSe,76.17,29.406,100.72493183192022,41.42076191837569
mp-22486,Tb(MnGe)2,115.215,64.592,126.47980907052522,69.81604377202439
mp-4064,Ca(NiP)2,105.433,73.682,154.93546361016874,61.919114460143746
mp-141,Yb,14.467,12.032,17.024503208324862,11.866753200782663
mp-10021,Ga,55.429,46.698,56.61564842775365,8.527684626072201
mp-5055,Na6MnS4,30.501,13.834,33.58226413925861,24.080861761481785
mp-983908,Er2ZnAu,77.836,35.198,81.27886001539285,32.20337566894182
mp-1377,ThCu2,94.521,32.47,132.19675208624304,37.038690430708925
mp-22446,Li2PrSb2,41.299,21.813,57.14627796654166,29.24720374923107
mp-2845,SbPt,121.63,33.728,147.79010516516243,46.94616729847604
mp-866001,AlVRu2,236.108,125.212,284.496094957208,82.42587575274202
mp-6319,Na2MgAlF7,64.198,40.586,93.5925124783715,54.767343234928155
mp-1016296,SrMg6Mo,39.303,25.678,44.84205665407748,22.79016514924976
mp-3456,Tb(CuSi)2,119.971,76.235,145.03283354877823,71.62837510664762
mp-4492,MnCo2Si,218.693,111.468,230.0623902583224,83.56848587308886
mp-567191,CaAlSi,55.59,38.055,57.894481623063605,33.61828047050684
mp-865753,YbErPd2,79.277,27.507,87.2201438419394,30.179666349192523
mp-1025069,PrSn2,53.735,30.622,70.4034030342202,23.79636459543729
mp-4895,UTeAs,71.159,29.644,99.9470003515864,49.83641795595107
mp-11482,MoIr3,337.003,189.314,410.3499695707079,144.7759481146527
mp-684597,InSb,47.174,18.782,60.38853672769729,14.880246774382814
mp-2589,MgO2,129.089,86.082,143.25628826176225,87.83738294628523
mp-865615,GaSiRu2,228.828,88.656,237.1533927222526,84.71502437345497
mp-4249,Hg(CO2)2,44.013,20.522,103.07632164752633,58.04642647628175
mp-22204,Co2P,223.42,75.138,241.9865842191171,95.50345259584296
mp-20595,Eu(AlSi)2,61.992,42.25,80.2318298113712,33.30759161733604
mp-2784,Na2Te,19.229,11.389,24.67216232870821,14.278841590204953
mp-12990,Ti2AlC,137.103,115.936,176.0200318035076,84.96960781230695
mp-568912,Be12Nb,134.036,144.017,162.84958827751845,108.25110348222877
mp-1009695,CaB2,121.439,104.665,141.25821168667827,115.55266732893308
mp-1549,TbPt3,169.757,71.121,205.6368411452278,59.133756508979516
mp-23060,Cs2PtI6,7.331,3.998,31.36694707930757,13.250958855821061
mp-30737,YMgAg,54.978,36.231,58.7293985914911,18.800604766408505
mp-13334,ZnSnO3,164.367,62.67,191.91398268974493,91.95309585126402
mp-546279,ScBrO,22.781,13.41,90.95139861187242,45.21208181160805
mp-4864,CaMgSn,40.739,28.662,48.41813897515789,23.34190836100969
mp-556382,EuClF,48.258,23.338,64.53488164639381,26.8689182300375
mp-567590,LuOs2,218.705,75.807,260.3549974831354,81.7059272793386
mp-865989,Al2IrRu,218.535,127.182,253.87246527225707,99.35810138496564
mp-864672,NbSiTc2,245.129,86.818,251.2408755299982,44.71110513807907
mp-9386,CsAu3Se2,7.606,2.961,50.43421221518215,13.25248225460854
mp-11478,GaAg,65.386,7.734,93.39434712679656,-10.894049550532664
mp-601257,DyCuPbSe3,45.811,23.788,76.79707690282123,34.059246431619634
mp-8842,CaSiPd,65.66,32.776,97.23756732782986,39.629196003410925
mp-10074,GeSe2,13.587,10.677,57.17028081476279,25.788697649110627
mp-865378,LuSnRh2,142.714,236.351,170.19250008780037,44.79023658924849
mp-27164,FeP4,136.947,112.471,128.01538045192115,57.96843670708193
mp-1219553,RbBH4,11.822,7.082,34.60643273056099,23.90761112464266
mp-631377,Re2PtRh,293.668,233.098,361.2926837433589,-26.16541517921965
mp-22685,TbInCu2,90.141,43.172,101.42865292303308,42.302296278217504
mp-867361,CeTlAu2,83.944,20.109,96.18491382522801,22.558878087215497
mp-980192,YbOs3,224.333,46.685,235.3704233351482,8.920559728535528
mp-976838,Ni3Au,173.553,46.299,212.50959489072636,66.13277571510487
mp-1319,ZrTe,88.453,48.267,89.99036406937255,39.63240686046162
mp-1025150,Cu2WSe4,30.602,11.26,97.42297603345067,18.272302164751444
mp-21844,UTl3,51.996,27.469,60.93230045525489,13.619448546918708
mp-29152,Zr2CoP,158.429,79.053,174.26113033548376,59.27660962400522
mp-3982,KCuO2,34.178,17.182,56.41237358613002,32.67657380661585
mp-980094,TiPd,151.922,87.665,185.5198900857249,45.84815646812206
mp-7601,NbGaO4,162.98,59.533,226.2315658156089,104.0830343582948
mp-582034,SiC,213.198,187.685,256.7666197558528,202.60968178866577
mp-1949,TiMn2,181.973,54.384,243.03379299351658,70.18577754778566
mp-7473,LiCu2Si,105.396,55.803,137.5574615100254,61.79799156332355
mp-2172,AlAs,67.291,39.773,78.42959081781864,30.219202666229013
mp-760414,Ti3PdO,170.984,45.205,142.39191392799924,36.503066075854555
mp-9124,LiZnAs,53.606,40.964,73.73984647604105,35.81977797590838
mp-1189382,La2Co7,340.64,37.755,136.80242859681192,34.86736698695955
mp-5540,SrB4O7,147.126,118.908,240.19331767786198,156.49568950493074
mp-1013553,Sr3AsP,31.673000000000002,21.339,43.36918620164117,15.329584324413082
mp-23794,H4NF,30.444,6.912,70.69187114368631,48.723795065476544
mp-1013708,Ba3SbN,17.51,7.688,15.45565373969061,3.9141710017565727
mp-972879,Sc2RuAu,125.306,30.673000000000002,142.9781691750226,33.518789917474145
mp-1057,Al3Ni2,131.24,87.345,159.99296284365383,74.65893589231197
mp-2516584,C,113.32,87.786,153.34719062734715,92.02437688742214
mp-975905,Mo3I,178.725,20.22,148.9639087692989,57.68582985956083
mp-23189,BI3,0.806,0.637,19.149923575011705,10.044725496826311
mp-864884,DyCdHg2,63.398,20.259,83.15707330002353,27.1035810031722
mp-3792,YAlO3,190.06,111.803,230.12473356105676,135.08660944156208
mp-8884,ZnTe,42.546,22.507,61.64465828658742,31.684328679959876
mp-973622,K3Sr,4.901,1.584,7.82560810828504,2.8584917265019025
mp-30953,GaBr3,0.727,1.064,35.57574907590133,13.762839763471858
mp-3097,Tb(SiRh)2,152.124,89.341,194.94155029238075,84.03763092475046
mp-15800,Ti3PO2,181.87,66.326,174.35091216397166,38.79873393616518
mp-1217964,TaB2Mo3C2,315.136,199.102,379.0270407880256,138.73202537787404
mp-11147,Na5CuSO2,35.442,18.576,45.20444898815501,28.771000674511914
mp-1009828,BaSiC,24.222,20.55,47.01829786438351,18.52398377671973
mp-31136,Lu2NiSn6,65.165,38.649,86.20866605328287,30.124873436614493
mp-1008395,C,401.484,421.283,409.532237228898,303.4896582369755
mp-1018149,ScCu2,101.63,42.846,108.61977114989516,29.97573300945636
mp-961713,ZrSnPt,133.908,63.302,166.35239829585137,54.112743827351345
mp-2977,CuAgTe2,20.693,10.103,80.11690171276538,24.491258613180616
mp-132,Ca,17.349,10.874,22.31100728418439,11.906741448788798
mp-5920,LiAlGe,55.853,50.642,72.53171645845703,35.31187339469322
mp-2536,Ni2B,238.119,98.426,312.8503384878066,114.9171852966504
mp-3679,NiSbS,84.973,51.865,141.99871005654865,54.548537751654436
mp-567724,TaSe2,19.6,11.97,119.76392506292304,34.22601710576416
mp-862886,CaPmPt2,87.525,34.909,95.70293847064644,27.15598181073867
mp-1191630,ScCoB4,223.874,172.568,247.4597849930975,151.1923728885048
mp-76,Sr,10.978,5.411,13.096268311929684,6.612510829621392
mp-976784,NiAu3,144.369,20.114,190.09604527991274,34.24562024164582
mp-999558,Mn2SiNi,198.379,89.79,198.52421425957422,64.4916386028334
mp-542264,BaNaCe2C4O12F,74.92,34.761,119.63546341102887,71.21031149637092
mp-4002,Li2ZrF6,58.042,35.314,115.97170989324609,53.50107370197245
mp-1013714,Ba3SbAs,19.616,10.293,21.792134943664667,2.8706571651649724
mp-23341,Bi2Pt2O7,179.413,76.076,197.0492381332621,92.69683682430595
mp-866005,Dy2TlCd,57.964,25.723,59.223849664007226,17.541200202968703
mp-972549,SmLu3,43.336,28.525,46.84620783744586,18.423985427875436
mp-631322,KSnOs,58.658,15.074,63.42371706456536,30.326984698975775
mp-2811,MoN,332.975,196.526,422.7520539212836,153.77771665489925
mp-28233,MnCl2,7.158,4.202,86.51146479736482,20.164932188734007
mp-1558,SrPd2,80.634,31.664,107.90230962636834,38.207665492467825
mp-1009657,CaN2,82.688,39.226,76.08644931556388,38.67659917274591
mp-890,NdIr2,183.307,78.105,219.65779956431507,65.09709882454717
mp-1153,Li2S,40.49,33.875,43.230734277339636,32.44916075806479
mp-941221,Li(BH)5,16.486,10.386,100.94306038381401,70.19016261534067
mp-11364,TiCu,129.327,49.243,135.22873329717467,31.061189770346747
mp-9274,Rb3Sb2Au3,15.491,5.4879999999999995,34.47773191938312,11.9347911967905
mp-977589,Tm2TlCd,60.245,24.389,57.09108069101705,17.13940084926409
mp-1007760,Ge,59.529,45.231,64.04101515131961,39.17530628857017
mp-555678,Na4Ti5O12,133.543,60.956,182.533261682217,95.15890844312845
mp-19761,LaGe2,62.983,17.74,69.83578789439765,27.604240489787117
mp-6980,ScCuS2,79.868,37.063,112.2980784473577,50.64047552336922
mp-742,Ti2Cu,130.928,54.059,144.89441461245497,50.21482278627832
mp-12884,Hf5Te4,77.308,36.907,113.43307958435612,50.746992422195135
mp-867372,ThCdAg2,82.451,19.287,99.91800673476077,31.154415833755742
mp-862288,AlFe2W,238.376,45.537,245.82119934702416,96.38627964206515
mp-862870,LiTcO3,194.213,79.846,232.247493016712,67.06977526609172
mp-867810,LiYHg2,52.184,12.474,65.00609899794657,26.77994829977581
mp-2680,LaB6,181.75,134.517,198.51756070777128,132.65570457563152
mp-2027,HfCo,123.98,60.459,177.41701190471758,44.3950076508098
mp-7463,Cu3P,124.032,41.154,161.08655843396,55.09576610837856
mp-776320,CuAsO3,50.551,6.569,200.58936597153482,76.92352528187755
mp-1774,ErB2,171.507,164.724,185.2034361038734,151.40433415437022
mp-946,PrIr2,179.692,75.41,223.23382131020878,66.38974392934598
mp-8122,ErCuSi,97.809,63.774,116.33011582682089,54.182920336187756
mp-867874,BeVRu2,241.663,90.582,265.79805270886976,76.40670444680892
mp-2606,BaPd5,99.329,39.724,141.69226566854502,50.463302599607026
mp-22154,In2Au,53.29,13.931000000000001,75.40167849788955,20.412526094054034
mp-644481,ScO,184.583,103.187,212.04509072682077,114.93388055934125
mp-865671,Y2ZnIn,59.596,33.082,64.98701184529587,25.08021898578892
mp-9385,RbAu3Se2,9.541,3.555,57.343963664913424,15.897263419281927
mp-10778,RbPrSe2,31.371,18.356,47.65119508313429,22.334417561161064
mp-865964,Li2CaSn,34.099,27.664,39.79750779055272,25.574966068394126
mp-4793,U(SiPd)2,141.952,48.272,179.64904878926518,70.00870500603475
mp-11256,ScAu,103.841,41.675,106.70898590397479,28.949570167559987
mp-570157,ZrBrN,22.365,16.412,112.31540114080244,52.72990063688426
mp-861872,Ac2HgGe,47.445,14.917,46.76001780189399,10.640855208083028
mp-1378,LiC,40.769,30.156,74.67112020714217,45.545462369403744
mp-867242,Sc2ZnGa,78.569,46.4,93.74227344936648,37.53903690874357
mp-865563,LuZnPd2,111.102,18.066,130.43350556989844,34.03021581997948
mp-1008527,B2CN,326.549,315.747,289.6733780996054,142.86177411796623
mp-129,Mo,262.529,117.048,222.03188485413202,43.524236023745566
mp-9577,Ca3(AlSi)2,49.839,35.571,48.610270820766,27.119145496834328
mp-20994,TaO2,255.403,113.66,280.4689396971645,90.57302366042389
mp-976321,Li3Pr,20.736,1.26,17.50180336487849,9.361893528637141
mp-281,YbCo2,93.676,14.307,107.71862824908317,43.95228210211878
mp-810,NiSb,108.123,50.253,141.08686857588492,58.49032019580224
mp-1009019,FeN,200.505,84.859,185.84870005462966,-136.06807393495933
mp-542065,CdAgSb,58.715,6.418,64.96907945401902,13.988283410249938
mp-7622,KSO4,21.988,11.3,89.18342449561365,58.55757498151063
mp-15963,HfPRu,220.115,95.48,256.6218408120098,82.12010852782707
mp-1016197,MgSiAs2,57.986,28.695,63.443994884823084,27.414656729413807
mp-983567,CaAc3,22.937,13.541,21.616044684372664,9.886809241608635
mp-747,BaPt2,103.144,39.324,134.9586641030022,40.73235180918301
mp-2012,LiHg,32.253,13.906,47.430426630853766,19.88124768621826
mp-972960,La2IrAu,86.527,12.239,91.63868221682964,18.78569897327738
mp-11733,Lu3InN,95.187,72.27,114.55469935370073,56.27222363911099
mp-999190,SmCoC2,151.847,90.299,184.49247093510036,88.6657731685046
mp-979422,YGaAu2,85.925,3.029,104.53116387214757,17.018239841246785
mp-569426,SrZn2,35.093,14.647,35.77347705703142,18.623501215554224
mp-13548,Cs2Pt,12.618,4.817,22.557585284060035,10.538772071771922
mp-775910,ZrO2,188.21,98.43,254.72204442198685,111.62152081655128
mp-985831,HfSe2,16.811,12.019,92.41156515158191,42.365820252598816
mp-2668,Mn3As,121.507,44.278,158.65310056387352,59.80568281081485
mp-11553,TlPt,62.299,7.605,91.44160539339487,18.92292877544008
mp-1039148,CaMg,25.36,14.975,27.961170988500815,16.421082554633283
mp-568880,YInPd2,102.492,30.541,127.17274220594555,35.48780105293747
mp-464,HoSe,82.998,29.485,103.66953348059634,49.312414910761014
mp-12104,NbSi2,175.016,142.771,216.89382348582382,87.80404125499652
mp-492,TiN,278.511,191.577,358.4624311906608,167.64494424601727
mp-862258,Sc2ZnPt,112.221,7.036,111.2937894262128,31.710232140032137
mp-11597,NdBPt3,170.929,60.983,203.8803421199902,57.470761929355945
mp-22256,NdMnSi,56.943,32.522,93.10683728121096,45.05807615240435
mp-1159,Zr2Fe,123.018,31.901,134.210487341796,36.44995806627134
mp-1004377,HfB6,181.947,16.36,225.72080656955143,69.14867890896221
mp-552738,TmBi2IO4,68.302,37.095,115.87395138029221,58.85712745966846
mp-973067,ScGa2Ru,128.767,23.656,149.21828456230355,24.92612389560832
mp-19747,Ni3(PbSe)2,57.203,17.818,104.77865647124503,35.66388242675934
mp-1029776,Li2GeN2,83.069,43.636,132.91903497303994,91.65479001200102
mp-976356,NdSc3,44.174,24.132,51.246540100081035,23.439072252126085
mp-10185,Mg3ZnC,62.165,37.249,77.62780349104447,36.707502671862265
mp-22934,K2PtCl4,12.029,6.6690000000000005,34.403910926945976,18.19410365681185
mp-2030,RuS2,172.042,121.491,206.41783355751107,105.88732399821545
mp-865936,LiSc2Tc,82.734,32.676,87.91367975606215,30.152129227165172
mp-1009769,RuN,281.889,287.292,243.37266227432653,5.818920842248971
mp-540839,CsPbI3,9.811,4.607,21.636081778740664,10.736408504309967
mp-21022,Nd3InN,75.749,52.058,81.86703058662631,41.35691331866614
mp-554822,CsSb(PO4)2,28.723,27.719,135.46848033179504,88.58261325537435
mp-569815,Si2Ru,183.66,108.94,204.19814058037417,88.24055883564863
mp-22925,AgI,25.685,6.593,32.49205765080712,8.315405752966354
mp-568619,SiC,213.208,188.038,257.28784562018524,193.39902942701346
mp-1009831,TaN,312.497,189.096,365.32166178572464,7.755131570794029
mp-9850,DyP5,66.326,42.871,102.60309491241556,39.16368730849084
mp-1569,Be2C,200.504,228.81,224.29062952461092,162.6686150836797
mp-23764,Mg3Si2H4O9,63.515,35.137,156.62373826157335,99.16580057381883
mp-865999,YbTlPd2,82.283,15.978,104.48373364050796,25.600939283427113
mp-5782,AlAgS2,62.691,21.746,78.49181413076901,32.92042349147448
mp-1428312,AgN,147.992,27.861,203.11616625890147,-29.919850355275695
mp-753326,LiAg2F6,50.447,17.197,69.29212067630536,18.863232564445916
mp-1420858,BiN,116.636,6.697,101.07654926485421,14.187048470282305
mp-2394167,VN,299.032,148.726,334.8329038814236,64.40122089559587
mp-37,Th,55.005,39.908,67.71716186883552,10.203936180435383
mp-972925,ScZn2Au,98.751,37.129,120.5548099338035,36.86836057224817
mp-309,ThAg2,83.938,36.124,115.03505609123056,34.00483929540405
mp-1020011,Li14P2(N2O)3,83.023,68.471,127.65880844397306,101.74399717076066
