mp_id,formula,K_vrh_DFT,G_vrh_DFT,K_vrh_mace_mp_0a_D3,G_vrh_mace_mp_0a_D3
mp-861884,AcGaTe2,43.131,14.998,49.777484265247104,14.241466624771988
mp-1390618,SnO2,42.723,28.477,149.36188222791287,78.31400825830424
mp-983358,HfAlFe2,172.287,92.953,186.81776617991983,73.86846444447897
mp-600124,MnNiSb,101.928,50.092,114.25538148224615,52.26932164945341
mp-1635,TbMg,40.716,20.807,45.67294335113617,19.2951873858264
mp-3384,Er3Al5O12,173.762,105.755,210.49946757676028,130.80591115421822
mp-55,Sn,46.694,5.892,54.91692434585093,2.825718140130899
mp-4668,K(CoSe)2,50.314,24.198,78.04663271978879,30.869617722967764
mp-554352,Ba2CuF6,57.176,21.226,84.39362148121056,30.778233050506476
mp-862966,PmTlAg2,65.448,18.899,74.63593923857731,16.684747757705214
mp-973824,LiHg3,22.639,18.474,38.27514680203253,1.1804089507843756
mp-11722,PrGe2,64.615,22.802,82.405279058788,25.491190399344504
mp-7426,Ba(ZnP)2,55.357,28.964,72.38610967931851,24.833024170299627
mp-675180,ErCuSe2,65.035,28.853,89.31335129104166,34.88711282791615
mp-974421,IrRu,329.122,156.327,361.4764146754607,74.1232078878392
mp-20552,Cr2As,155.123,75.452,190.95324127553587,13.291245083475834
mp-1008483,CdN,101.532,19.068,97.06422974043997,11.578122635357323
mp-1560,LaTe,54.332,21.792,61.61322968944837,22.427514309030357
mp-5526,La(CoSi)2,117.558,76.385,155.47048317535044,62.626866317474
mp-11801,K3N,2.7199999999999998,1.43,9.53280951357783,6.394405949017829
mp-4494,NaYbS2,36.215,11.768,42.947302672777106,12.594873486281017
mp-13498,Tb2Mg,39.124,15.539,43.408999259348064,14.730297872091018
mp-867125,Al2RuPt,201.068,97.729,251.55552078010942,68.23050120416762
mp-980663,Yb2Mg,21.912,6.47,22.815608840902275,12.3801908569893
mp-644281,Mg7TiH16,63.812,30.422,71.23655595390613,21.3490734767723
mp-977408,NbTlO3,176.002,93.616,211.5983292053455,93.03996893042672
mp-27954,CuN3,15.781,4.885,90.85075265354932,51.08548051590287
mp-915,YCd,56.99,28.662,66.35263465649184,21.084829264019156
mp-570018,Ce3Pb,47.518,28.668,44.59146481515783,5.343632608550237
mp-6950,BaSb3,27.116,16.98,48.84932589406997,17.67971424380982
mp-757031,Mg2TiO4,146.153,71.912,189.71647300353075,102.74473949213963
mp-7381,TbMg3,40.267,24.883,45.93934724467037,19.173326456718804
mp-978513,SmErMg2,40.708,21.424,44.33182392464017,18.700832382809406
mp-4252,SnPS3,16.223,11.956,73.20283376194604,29.327785464148622
mp-28174,Pd(SCl3)2,2.346,2.36,40.338279107720396,13.15051081600395
mp-1025165,Zr(VGa2)2,131.585,88.202,153.9452249355963,50.80930443454842
mp-27409,RbNiBr3,12.959,3.423,36.872654052564656,12.723177187713254
mp-23192,HgI2,3.392,2.493,28.958270849303762,8.003962937899095
mp-865652,TiMn2Si,207.779,105.768,293.7692950424571,87.3193235752591
mp-638,SrZn5,52.276,24.166,74.3137728297328,28.896252057369136
mp-31187,TiAlFe2,184.183,85.502,205.66515389678574,76.74132079825962
mp-976847,Ni3Sb,164.639,57.89,202.66555252145767,59.33241185560094
mp-1087,SrS,48.468,32.3,60.89791409602441,33.59024699413349
mp-1136,Na3As,22.238,13.902,27.765026574219107,15.710118017391872
mp-2490,GaP,76.335,51.463,83.04297185760076,29.367196962222728
mp-866062,HfSiRu2,228.517,106.888,257.9183977498119,52.33560789200601
mp-636368,Ga3Fe,102.587,66.476,97.01686224043229,34.3109866846291
mp-7132,DySe,44.941,4.976,60.485638296175665,33.11044933429197
mp-7991,BN,97.905,68.078,167.22656542557894,79.10264275478757
mp-631524,BTe2As,65.801,8.576,72.34957193691105,1.0096320021377536
mp-3826,Ce(SiPd)2,124.834,56.202,150.24769888725294,49.99032865811618
mp-754434,Hf3N4,212.613,66.114,267.67568872770147,119.94172233826902
mp-865155,MgAlRh2,155.745,85.611,187.91661257478893,66.68599287427618
mp-4428,CaSiO3,76.748,39.815,157.01637897609422,99.7499917858038
mp-10212,ScGe2,80.354,56.949,103.08491537296892,34.033427740129575
mp-15297,Hf6NiSb2,131.265,72.06,154.66770311683962,46.4733387696926
mp-864796,EuCdHg2,37.559,11.896,47.880822456982735,13.566908060365993
mp-20206,ThIn3,65.84,31.631,86.47043908371397,24.548119108708764
mp-1079630,Ba2TaInO6,140.02,78.541,187.43439307865978,98.13917558512813
mp-1029312,RbVN2,39.935,39.756,122.56376694481095,40.76518057394366
mp-8456,SrAsPt,72.367,29.338,87.10846013477357,31.77578258519052
mp-567588,DyInRh,98.902,31.23,111.14912772413517,28.332307631040464
mp-4788,K(OsO3)2,129.08,80.552,174.1096711125095,65.2084939763722
mp-8307,CaNi4B,132.728,61.205,188.40575914703714,67.56690991924037
mp-752730,Ba2GeO4,64.347,31.103,109.57102021794923,57.83407590578863
mp-4571,CaZrO3,149.043,85.19,189.9323272923048,97.01402760897837
mp-23204,FeCl3,15.609,9.15,35.16789777565289,35.569249693109
mp-862629,ScRh2Pb,139.016,187.799,166.96277821762254,34.053482229915495
mp-3706,Ho2Co12P7,201.47,106.337,234.6756210209809,73.19960500332287
mp-3061,TbNiC2,145.7,95.952,189.19172542844973,72.93030442231154
mp-865202,TmCdPt2,123.512,20.588,161.79172924636867,18.42923429897508
mp-1019055,ReN2,384.053,265.328,570.8279363451514,121.81170482447688
mp-778364,Na6Ti2O7,46.367,25.335,104.17860711119673,53.325976498369634
mp-866375,TiFe2Ge,210.464,127.259,234.78042581055416,77.1334311713543
mp-8062,SiC,212.682,187.246,244.81085435171707,135.63919771602409
mp-9587,TaMoN,306.124,172.722,379.5244014288715,71.64852842752563
mp-614603,CsI,8.224,4.02,12.542702082862657,5.742143801369751
mp-30227,Rb2WCl6,11.06,4.8870000000000005,42.4870384643532,16.332519736927637
mp-3951,Ti2CuS4,100.958,37.972,128.15821807577962,60.85884091947129
mp-865845,Yb2CuIr,69.855,33.64,95.57983470306779,18.287219059940018
mp-754483,Na3(CuO2)2,33.577,21.098,88.47791050567969,39.799237268950456
mp-1008285,Cr3Fe,239.14,60.631,264.75146163004223,23.00029038381109
mp-16342,HoGe,80.872,54.586,98.2356441450195,34.189975544953036
mp-752426,Li3SbS4,38.534,25.974,65.78394056820049,27.87490808161468
mp-27743,BiF5,13.737,10.508,82.69490360979948,33.39398338860995
mp-21366,Yb(GeRu)2,113.282,47.997,141.97649626172773,52.342863369987704
mp-905,LaF3,102.112,39.391,124.667041195944,48.47167603875823
mp-9953,HfP,147.126,83.603,159.80803063492203,64.0800939105392
mp-643273,NaH2Pd3,108.766,34.066,139.00599933656878,32.40631253249721
mp-972228,Zr3As2,125.408,62.953,147.48204358063364,54.87421941181299
mp-30819,LiAl2Pt,124.378,59.706,138.38032338745887,40.00824707737742
mp-7092,TiSi,145.819,99.581,150.61954400759592,82.60891768531789
mp-862703,Sc2AgAu,91.964,32.821,101.77690815303701,19.458435893861843
mp-978265,Mg2ZnPd,72.28,25.948,89.05237771306425,22.867430750106152
mp-10844,Te2Ir,111.463,53.591,136.66326105843814,50.322739908672226
mp-140,Ga,49.645,8.836,58.209081230501525,0.7305417403751985
mp-31496,Li2Sn2Au,47.106,21.387,71.68606780306462,21.10807915968444
mp-13816,Cs2NaErF6,31.129,17.633,58.699992475766365,31.884874758893716
mp-972119,SrCaTl2,28.313,16.901,28.457214702922062,11.842038624889115
mp-4552,ErInCu2,88.491,42.728,115.46718696577335,34.029164501382375
mp-865278,NbAlOs2,260.723,129.33,279.67829165546414,62.95568369591059
mp-20265,LiIn2Pt,81.018,28.966,106.84326688577667,23.529518049398664
mp-690789,K3ReH6,25.075,8.757,34.26264377171696,17.405489598846255
mp-863673,LiPm2Rh,62.498,22.513,64.79339913128345,17.723133743974913
mp-20276,U2F9,78.546,42.193,155.43144837336646,68.94960757569945
mp-570008,Sr3BiN,43.271,36.36,51.59135534051617,33.38645302121649
mp-755895,Ba3Zr2O7,119.003,67.526,158.1396952506788,83.30371079886852
mp-7918,HfGeS,126.583,82.007,154.76128677071858,63.12698952946773
mp-1025557,CoMoP2,212.426,119.819,246.04667210057983,46.75551098999627
mp-1400,HfW2,222.256,94.6,248.24120464931576,65.19041804447319
mp-13829,TlCu3S2,41.713,15.73,90.71067133992558,25.798375366583084
mp-865230,TmMgRh2,116.23,52.742,138.28123368445873,43.85039816299996
mp-27666,IrCl3,12.169,6.513,87.88947658969134,30.640383496642638
mp-8218,PrAlO3,197.512,136.42,220.8708218160253,136.59159928529647
mp-864599,TbSnAu2,88.449,16.179,109.07665502098949,10.85548861074622
mp-15783,KSmS2,40.489,25.094,58.46641873602702,27.987154537357558
mp-29476,Cu3SbSe3,51.967,17.901,95.04553655739966,28.766680849202675
mp-862601,RhI2,55.598,13.605,70.59682148675732,25.67632280991255
mp-1009733,Ca2Si,36.951,24.717,39.88154584248664,20.45524763591132
mp-1023128,CuS,104.037,40.689,146.9293991362367,26.964454946736637
mp-1008786,MgTe,46.024,30.655,56.52742024332867,25.220266963316767
mp-1787,NdMg3,38.838,26.322,41.14567942663233,20.12164667067793
mp-973689,Ho3Lu,44.373,30.304,43.99763830853669,19.320673185472682
mp-975972,PrLuMg2,41.51,23.46,44.89624277174634,17.6560204870505
mp-16745,ErAgPb,66.619,32.98,81.37510660481934,28.999463989404717
mp-863732,Pm2PtRh,96.963,33.757,108.6619339872016,19.766862792787595
mp-216,Sc2O3,167.269,79.706,185.74174727044584,100.35654514263433
mp-1501,Al3Pt5,199.949,63.445,258.29291460063513,53.38524965173866
mp-977117,NaTeO3,137.484,78.761,134.5776905067019,69.365804089779
mp-50,Ta,194.527,64.83,243.96656639931697,54.61042473603362
mp-1023934,MoSe2,9.262,6.3629999999999995,46.98030478499431,20.058591398168964
mp-865000,HfScIr2,182.895,90.315,225.26672767687208,35.64436775595699
mp-12505,LuAgSn,74.223,39.843,101.67477400069781,37.095292119531884
mp-973024,La3Hf,40.645,21.816,39.20462902651544,8.386441922944025
mp-972099,YbMg3,28.79,11.895,32.96232094474841,18.024777676491244
mp-1471,Zr3Al,100.33,55.844,109.47133589956685,17.274916453583263
mp-16646,PrMgRh,72.105,27.733,84.6372575097763,22.801434673411975
mp-1002124,HfC,158.82,30.036,188.22201586286783,43.020723110761594
mp-6074,KRb2TiF6,34.699,22.332,63.615108065125284,22.222799869495052
mp-1017509,MgNiH2,90.601,54.062,97.81197694745705,44.00355717130027
mp-1077,B2Ru,283.343,170.538,364.32349263799324,117.81051801868988
mp-20147,ZrMnP,174.291,111.101,187.9685836818097,62.433538445864926
mp-861630,Tc3Ru,303.39,161.012,379.50794009198125,60.40094163841734
mp-13925,Cs2NaYF6,32.42,16.618,55.953860718223915,30.279413170018913
mp-973561,LiCe2Ru,65.477,6.7,73.95294335236042,-50.05404177595518
mp-27243,K2PtBr4,10.721,5.618,28.244078421860156,14.906305484826772
mp-29207,SrMnBi2,32.353,18.785,38.742923381442154,20.359628506919858
mp-8484,ZnO2,138.631,62.222,161.01906642525358,61.70694989926324
mp-9884,KFeSe2,19.144,7.483,35.68151638211933,17.70150788501457
mp-865858,PaAu3,125.869,15.063,153.54641461478442,4.875482202242974
mp-866004,Er2InAg,65.736,30.299,68.64136215569381,16.682382031034983
mp-10463,YCo4B,173.919,65.313,201.47389955506742,69.00250378294425
mp-2658,AlFe,170.575,96.914,183.4865228142174,82.24751910485627
mp-21385,In3Ni2,105.586,55.446,113.7416568161826,40.50735366680275
mp-976968,NaPdO3,104.533,38.431,122.39872817816617,43.55559541300805
mp-7275,BaSi2,52.121,33.929,51.410738560242706,21.65513381174097
mp-1009770,RuN,260.463,51.935,292.3301807889247,2.271652482154512
mp-1014227,Ti2ZnN,147.64,95.909,205.89271648748473,71.76863618765626
mp-999450,NaSmSe2,35.686,21.517,57.91168457363427,27.050962410126907
mp-1018133,LiHPd,82.256,38.705,100.28189898001486,38.28607818195232
mp-7849,AlAsO4,23.997,18.753,121.63437726137124,50.82945970982224
mp-571506,TmAlSi,92.341,65.876,113.01299820552623,44.49101356165191
mp-4037,TmNiC2,170.384,100.038,198.04760639515584,78.95162418529031
mp-865240,Lu2MgIn,55.4,32.495,58.26730381537843,13.503571885994411
mp-861736,LiSbPd2,107.809,33.967,133.80232399708146,28.253976877493802
mp-754125,NdO2,126.323,315.883,125.36115385716106,5.157691681369897
mp-8635,Zr,89.974,29.84,112.38285249764066,2.6875999908700887
mp-7374,Ba(CuO)2,56.503,21.409,105.0667379113406,40.35490052475392
mp-7554,LiMgSnAu,61.1,16.802,82.63707183589378,16.62856148974552
mp-550437,GdTe2ClO5,61.076,20.662,152.31375549846388,54.228821587896896
mp-13160,YZnGe,76.81,54.248,99.11296903335399,37.07937445769408
mp-11436,Er(VGa2)2,115.021,76.361,137.3771978280833,45.91289757411987
mp-4210,Sm2CuO4,142.528,60.204,167.559384790572,81.83745500811946
mp-16263,CaZnGe,49.099,37.699,62.33625745352956,28.862384428595888
mp-4174,HoNiSb,92.38,57.242,128.17907050509987,43.87837250752521
mp-4175,ZnSnP2,64.548,39.275,71.02972269175092,23.45121373755553
mp-20900,Cu3Sb,90.479,25.292,163.1543857517081,41.455653625516845
mp-27760,PrSi2,80.53,27.008,95.3254227413516,42.845431957202344
mp-2142,Te2Os,130.119,88.304,152.2481652761275,61.011908987485455
mp-22044,Sm2Ge2Ru,88.624,44.545,112.54677459833673,39.15263423809535
mp-989541,Rb2NaSbF6,33.711,17.354,60.28482725225626,26.445297438066337
mp-972442,SnBO3,225.06,73.067,235.39002539091723,15.036148860212334
mp-3223,ThB2Ru3,230.004,94.235,281.2394640360526,69.26974534874117
mp-867292,Ga2RuRh,199.112,92.754,245.68996269386864,53.86916819330433
mp-756094,LiFeS2,70.86,31.867,86.01331980239048,47.33369796749393
mp-867846,TaTiRe2,257.421,116.994,286.14871873077203,74.01199465315369
mp-867346,ThCdHg2,72.453,16.677,96.30445843549333,19.67758636953441
mp-8830,NaRhO2,109.969,59.556,178.99817925653426,64.26959218018412
mp-558781,ScTaO4,178.016,73.282,237.79941309545518,107.63745519036752
mp-553961,ScNbO4,166.644,60.602,228.47590127004833,96.42600362473179
mp-999540,MnSe,51.3,13.695,23.45264391202899,18.027410066057207
mp-2206,LuCo2,191.768,52.371,122.4338324440002,36.25269115564046
mp-865928,Ti2TcPt,201.234,72.828,251.14107485398495,76.79183276841003
mp-361,Cu2O,111.715,7.888,143.51060537200345,30.040240021955533
mp-1017531,VPt,236.927,116.114,301.67799236069635,62.84451570723001
mp-7576,CrSi,183.655,118.732,227.144990478897,63.511380713995514
mp-19832,BaCoS2,55.064,31.713,73.0028812413459,36.055640828065926
mp-973353,SbPt3,178.413,26.833,204.78439340778567,94.60289080509632
mp-1019551,BaNa2Mg(PO4)2,82.728,46.497,150.18533623643592,92.66944164762056
mp-999516,MnP,105.134,80.838,-1004.5946576788826,-373.8677172924173
mp-20978,Ho3TlC,41.581,12.506,46.3455939760666,0.7137334381571518
mp-21521,Cs2PbO3,35.148,13.531,64.88961527006217,26.46502877761894
mp-2444,GaRh,179.773,58.842,220.30663808617305,47.83763241459397
mp-13431,Dy2AlCo2,82.859,30.594,103.69296314979367,28.525052735592954
mp-1025524,Zr2TlC,115.186,77.68,143.7786604722776,62.54322519425876
mp-972899,Sc2GaIr,118.555,47.121,133.93847054762014,22.99789095709063
mp-30357,Sr3Ag2,21.352,9.351,27.622455876768782,13.013972896472929
mp-1025,ThAu2,107.422,37.338,129.72836520863726,31.19406180209364
mp-2516,YZn,60.055,30.473,68.00604501753688,22.461775644597004
mp-22882,YbBr2,15.965,11.345,39.25888282840685,15.575668410211424
mp-1023125,MgCuO2,126.208,71.609,173.9319922799297,86.11363489988535
mp-867191,Sm2TlCd,53.486,21.025,60.27986851205469,12.90464902683752
mp-974358,Ir3Ru,337.871,226.427,360.2444393863851,72.16485913005808
mp-10,As,79.731,32.38,91.27962134948358,47.47750403684894
mp-865091,HfMnRh2,175.043,62.602,219.52410024478638,44.405598899696365
mp-11232,YAl3,32.234,97.757,52.95675161705682,12.242765383176417
mp-27865,KMgCl3,31.053,15.706,38.533579935231465,21.39707598598052
mp-865471,VGaTc2,229.778,78.962,291.1509408269508,69.81907660225232
mp-21433,TbTiGe,81.218,52.977,93.87444072634652,38.30157707731046
mp-29136,Sr6Cu3N5,63.615,27.585,83.69547771549801,36.4291287378554
mp-516,LuSb,63.1,36.872,88.92955918515844,22.19330376409096
mp-997031,MgCuO2,136.108,63.634,181.80653508833814,78.18834229087878
mp-2008,FeAs2,135.973,111.737,139.55742064640083,70.13257635386016
mp-866120,Tm2TlAg,66.273,29.296,67.19912007154979,15.51028650621986
mp-20787,FeB,280.84,142.25,288.69708846497167,75.88040000862455
mp-862861,Pa3Si,108.501,59.249,120.46788036948433,18.69389520707518
mp-978796,SmDyIn2,56.106,22.203,60.86797552617511,8.400826288737306
mp-32994,Hf4N3,225.032,97.549,292.83335965216384,109.76853675045703
mp-626785,KHO,30.922,17.006,50.77345396316219,27.26264020564436
mp-616458,Cs2CO3,22.432,8.493,52.884458170390225,30.23042626004789
mp-861665,LiTmIn2,38.577,18.108,56.31487902086207,12.131603757919217
mp-865100,NaInHg2,25.727,9.66,35.860491450875166,9.406229606511676
mp-5971,YBPt2,159.168,52.283,216.40674545672564,53.57213736617101
mp-562809,GdBi2BrO4,57.14,36.117,125.12389359796086,53.1101543054512
mp-558378,Pd3S,113.764,39.33,171.1964038462167,49.631994832886214
mp-862546,Sc2AlRu,110.743,39.474,128.6696511430551,23.126403164860253
mp-1025431,SmPt,97.548,32.196,117.6342226823937,29.285791714456746
mp-569523,Y2InNi2,77.414,40.912,101.51208472387103,26.775399252946276
mp-1025311,CdAsPt5,183.707,58.167,223.76098123844304,46.71947129075159
mp-977,LuIn3,54.557,25.507,74.17976919381346,19.203452730065035
mp-571035,OsCl4,5.865,3.473,87.11952582809143,30.6840455951126
mp-1029580,Sr4ZrN4,71.003,28.485,93.53701155146639,42.89916517743111
mp-972522,SmTmZn2,58.598,27.032,70.31807945052572,21.902393065918986
mp-978095,Pr2CdPb,50.071,18.011,55.408785329418095,14.477604685918559
mp-28896,CuBIr,195.576,67.035,295.7997122695977,81.44530780448447
mp-395,ZrAl3,102.705,84.766,128.10079354905346,32.42298689341622
mp-12061,Lu(FeB)2,187.743,76.06,222.56348030596692,63.426403153160315
mp-20174,Ni3Sn4,96.833,50.419,114.22398705869301,39.17689741060668
mp-4602,Tb2Ti2O7,205.081,21.568,209.74859287498913,104.9550928053398
mp-10824,ZnCu2GeSe4,55.144,26.528,77.15881102138819,19.25059446970486
mp-865067,Li2EuGe,34.651,23.508,52.53003377242722,22.853146694461973
mp-1009006,LiCdAs,46.662,3.251,62.937018436232506,26.72754685062117
mp-636212,GaFe2Co,157.963,15.311,200.72597311692692,44.566583645300476
mp-21321,MnSe2,66.359,30.223,18.47679651880597,26.971377861616336
mp-675464,CdIn2O4,132.026,41.566,154.59550506765706,63.57540692103858
mp-20261,Mn(GaSe2)2,32.669,19.199,54.51802711387673,19.747794019616148
mp-974063,HoScRu2,130.162,51.077,177.42620184926935,37.21710924625073
mp-1111,Mn5Si3,313.656,101.503,179.48010348314497,65.75911536610359
mp-768241,Dy2Ge2O7,125.554,48.501,168.4092646216768,83.86933627829376
mp-9056,ZrPdF6,7.646,11.439,105.22756304895651,26.858082308808726
mp-996983,AgAuO2,63.604,17.878,110.60406904642063,31.74960742447836
mp-5076,SrZrO3,143.03,87.474,185.93895566961993,94.72591174936782
mp-9166,MgCN2,96.751,31.757,140.0591629820479,80.62829506452252
mp-1299,SiPt2,206.108,65.451,248.067826734034,67.2014720826878
mp-2675163,WN2,100.955,24.65,138.63120135657704,53.209765090170144
mp-2582,TiSi2,142.135,111.779,168.7725579182463,73.0886830391412
mp-542854,Mg9Si5,58.465,38.545,68.59851855614731,26.52047833616833
mp-2108,Ti5Si3,139.791,94.124,154.63865437133614,81.81845551807855
mp-7288,Sc2SO2,139.478,67.795,187.7470526575141,82.93330639149534
mp-7903,Cs2ZrF6,18.985,9.167,67.37091033326767,28.981245494175873
mp-10602,Sm3GaC,67.541,48.714,71.92577384744686,30.201944833146154
mp-29633,LiGePd2,121.813,37.662,155.7085431168596,51.1817138461436
mp-4316,Sr(NiAs)2,45.823,28.001,123.12796667056098,36.73639575596265
mp-18707,Mg3Pt,69.596,23.933,87.99362617924601,38.684787693964545
mp-912,LaPt2,143.888,60.396,167.6941591870391,31.758360532644815
mp-11714,SiC,213.331,188.708,240.701166836555,157.37423357982885
mp-21907,NbSiAs,151.91,96.024,185.99913090363322,67.28745944618149
mp-6092,TbNi2B2C,174.217,71.075,202.41197712642978,68.05089453153023
mp-3415,Yb(SiRu)2,133.202,67.203,162.9125802081677,64.63510380756595
mp-21040,Zr2Fe3Ge,158.937,87.954,179.0783711596223,62.04539707547688
mp-9548,GeAs,20.046,15.662,63.53539895698832,23.7856067034837
mp-30494,ScCd3,61.151,29.259,83.36377127167087,24.86258757070561
mp-30595,CuSnRh2,177.039,63.304,235.2478333890441,50.219074833128516
mp-10528,Ho2AlSi2,88.264,54.353,107.99785532783037,45.00488069369454
mp-1205307,WSCl4,0.936,0.749,75.85717557384605,26.234048331411046
mp-15397,Ti7Al2O15,196.424,85.772,240.40042357216652,87.00957402820447
mp-1078526,GaPd,141.771,9.952,182.6289160595586,39.572435821298086
mp-995147,PbBrCl,33.6,0.906,41.34895615283626,13.201308438786969
mp-11515,NbRh,219.994,56.006,259.03096478733227,46.988262988875974
mp-12546,TiCu3,141.202,51.729,198.8170687923548,58.9749299600145
mp-1641,CrSb,73.845,48.058,87.68240121798424,32.133765753274304
mp-4406,CaSO4,64.243,31.298,153.9880719950084,88.61240558551305
mp-1016874,SiHgO3,221.487,68.309,219.14269814639366,96.00396705347676
mp-571520,Si,79.59,60.71,85.46597216140343,59.16287296126632
mp-23684,NaHCO2,25.163,12.017,75.0745957303067,43.81618111063844
mp-972238,Ti2VIr,179.691,84.534,212.35774886073136,56.17331866700773
mp-1025213,InPPt5,203.239,57.276,249.9044661420038,44.18347830533909
mp-559264,Bi2PdO4,36.71,24.815,146.5994103894025,57.94846047266219
mp-1029791,MgSnN2,119.793,61.364,136.1182894467264,77.73658490043803
mp-972808,SiO2,25.788,36.205,168.09487553007065,103.70957692777921
mp-1007855,FeNi3,193.048,95.457,227.1713268979943,79.88225328102615
mp-71,Yb,15.868,10.038,13.203903909027106,9.704866002022678
mp-867744,LiTi3O4,193.852,81.153,212.07906294475413,63.24248759996287
mp-99,Er,44.76,31.02,46.386928990349816,21.13070613344239
mp-6772,CaBe2(PO4)2,84.663,51.832,178.91984449502343,114.93300657526189
mp-753195,Li2WS4,6.489,4.129,71.46303732104629,24.325093014966573
mp-22993,AgClO4,26.665,9.049,105.94613514124498,55.609060230787904
mp-11560,TiSiRu,203.131,103.155,236.02341768472826,77.47775108699956
mp-31160,CaZnSn,46.54,37.248,59.265856561140104,25.056479298178807
mp-927,CuP2,87.682,51.586,114.07530325506691,32.765043804114384
mp-1259,YbAl3,59.791,53.601,66.80159284502933,32.990417723074
mp-21879,Ba2CePtO6,137.231,62.307,174.02484495630728,72.6674366268652
mp-4954,La(SiPd)2,120.576,54.617,142.86965723690065,43.414392312842956
mp-34023,Ba2NbO,24.277,53.855,31.937060708822777,-4.48113653652523
mp-540924,NbTeI3,5.474,0.547,53.51611964582007,18.345554076592986
mp-865884,LuInRh2,138.075,43.403,168.04802141061774,47.20826824939619
mp-1025172,Ho(TiGa2)2,96.685,60.465,104.3698225033181,40.757741580750455
mp-984767,DyHoIn2,57.572,21.948,64.48989390786444,9.197250728508415
mp-570786,KNa2,5.733,1.421,7.539312234367477,5.1163042185198115
mp-861889,Sc3Tc,89.781,30.851,91.35876231577616,24.550306648825597
mp-496,SrSi2,58.246,29.769,62.09727761648056,26.675117483376656
mp-867127,ScCdAg2,80.644,26.055,96.22338823572133,20.374179503148657
mp-977200,Na3C,22.193,4.584,25.54064884928963,8.659567852412145
mp-2034,W2C,334.971,167.632,387.8091835082438,91.50484926286178
mp-9907,SrAs3,37.824,22.866,63.873247847302615,24.14446110612013
mp-16053,CuSiO3,31.454,19.986,166.0674716510871,75.03071613783946
mp-2930,Mn3ZnC,192.524,65.249,150.67271365800895,88.24715346777059
mp-5549,MgSnAu,65.619,28.043,87.22009249563702,26.242088143780947
mp-15988,Li2CuSb,52.716,33.809,76.62623848217696,24.5078916621451
mp-2713,ErIr,140.411,56.862,164.3692406985787,31.701022704203282
mp-983584,Al3Tl,49.964,10.322,53.55868136866389,10.348499587702863
mp-998988,Ti3Ga,109.768,29.881,120.9111134861885,30.323391448091446
mp-867117,Sc2CuPt,112.788,44.091,123.79514684898325,24.466831014154995
mp-30585,HoCu5,116.726,53.682,144.5861106765399,47.986751151906375
mp-754823,ErTlO2,87.263,36.283,117.80162268355801,54.41177366801862
mp-643409,Ba4Y(CuO3)3,103.322,50.961,122.38654249350552,60.20067935125745
mp-2349,YCd3,55.533,25.172,74.8359157870185,24.317118012832434
mp-999318,NiBi,88.03,36.741,111.21289222459276,36.66554311561307
mp-1014,ZrMn2,157.977,43.71,209.2958528320427,45.30950898028397
mp-22522,ZrCuSi,145.249,85.05,179.83266704939987,68.22648894593668
mp-1017507,TmAu,86.722,18.132,114.12400596970342,29.61728875129009
mp-23260,BaI2,16.076,5.955,27.019953352506725,11.374267570994554
mp-865558,AcTe3,47.939,20.884,62.414550232523794,9.15187944687683
mp-999460,NaScS2,51.116,31.329,76.75652462809708,39.84127005402154
mp-20499,Sc2FeS4,71.369,31.493,83.73085611503717,49.36306064207299
mp-672340,LiIn2Ru,95.132,41.998,119.08053981509819,37.93159110696585
mp-569220,ErRu2,173.521,48.395,191.16995200002893,51.41300986577869
mp-5505,U2TeN2,85.916,52.251,162.51374226966777,57.750930615359636
mp-3606,MnSiN2,184.321,91.55,167.90004152307273,90.45554225202667
mp-973088,MgInAg2,68.284,19.238,83.58658526720212,21.6033146286971
mp-4809,Ga2HgS4,35.968,22.015,74.98300361063019,23.889887098122998
mp-23209,SrCl2,33.615,14.668,44.652552924067386,18.968182134831697
mp-1132,CdO,127.369,44.447,161.6130825257987,52.989121995673216
mp-7474,Cu2As,110.379,26.428,136.66569076648628,27.075341800063825
mp-11023,ScAuO2,134.634,43.218,150.93729538131595,68.5732926186595
mp-12120,FeN,293.289,175.639,396.5272873036017,92.06441974318278
mp-755552,LiYS2,69.089,43.12,82.8650478550323,42.265080858062916
mp-1017629,MgNiH3,109.663,26.812,86.22905515434111,45.59717161953376
mp-1956,TmGa2,76.021,50.722,96.36844713380745,29.701441518769315
mp-9330,CdPS3,11.099,6.8469999999999995,86.20604311567143,29.68038172034805
mp-867202,Sr,11.444,6.8870000000000005,16.752235293057385,9.563568906269827
mp-22687,BaIn4,33.333,16.521,40.08384591019222,15.896307989352225
mp-20716,PbSeO3,35.364,7.251,95.66554158875519,45.19909859231599
mp-7897,K3P,13.975,6.039,19.76797341646154,10.882196254967612
mp-1722,Zn13Fe,83.349,42.179,115.83734317705627,35.72514480727683
mp-1008282,Cr3Fe,227.443,93.238,242.4150614943493,43.507065201696655
mp-35388,LiSmSe2,43.726,27.524,68.69196937114641,33.02416464000436
mp-642822,CaC2,58.929,20.203,86.19370053389375,43.626279244661845
mp-1509,Sn2S3,16.845,11.679,70.31401578884719,30.24659468628283
mp-975793,PrTmTl2,51.881,16.163,53.260095500758176,10.534613519335677
mp-29661,Si5Pt6,180.761,70.297,220.94419659095618,56.76303119670152
mp-203,NiTe,114.446,31.57,115.53340912761713,32.13697455661513
mp-1105780,Bi2O3,33.361,27.707,133.08250883691136,54.79919048020939
mp-864952,Mg3Ag,47.879,33.169,55.84719243915527,22.264062136627096
mp-504935,K2PbO3,38.231,19.096,73.106988084543,33.535222140791085
mp-74,Rh,252.9,150.16,285.92943577683013,65.02822166681881
mp-19717,TePb,38.461,24.006,40.981200416212815,22.179618903216962
mp-10060,DyBPd3,143.573,17.014,183.03630121132926,34.052690861524916
mp-867507,TaGaFe2,222.56,126.478,205.823818567803,72.97891740082463
mp-865097,NaHgPd2,80.025,24.87,115.93581106374421,22.13568378345917
mp-20905,OsS2,193.971,139.154,258.3654480839867,73.82792727036866
mp-1539,ZrTe,94.136,55.771,115.6258020561948,53.512690853017595
mp-4595,VFe2Si,243.627,2.215,270.837232872748,85.3868129261343
mp-2348,Zr2Au,119.202,46.202,145.95596726899205,27.97569930496251
mp-1002206,SiC,252.718,221.298,386.2361292150785,97.11608904707465
mp-997084,RbAgO2,40.617,18.339,70.8100702760884,33.44405816004265
mp-861600,Ho2ZnIn,60.928,31.772,69.26375513436551,16.021070330678622
mp-1184,La2C3,106.014,11.549,111.16089782860374,38.255513794673945
mp-29175,Ca2AuN,59.67,26.965,78.83325296092482,37.89138589962317
mp-960,B2Mo,303.426,158.777,344.50142775877475,85.5877265893614
mp-982664,K3In,6.456,3.082,4.641147572851276,3.304196798509847
mp-4826,CaCuO2,120.874,63.044,135.8272165048137,67.10907427540019
mp-1007,DySb,60.478,34.856,87.49785198063684,22.12094171019581
mp-977399,LiMgPd2,84.673,40.498,113.58861567139913,40.944046475747285
mp-3148,Dy(SiPt)2,145.085,12.014,183.26471805095596,46.26156359128413
mp-1775,SnAu,72.865,20.977,96.21044977268738,24.178032544392085
mp-989635,CaMoN3,106.478,46.526,163.7993130844306,52.90447172912144
mp-864789,Yb2SnHg,39.222,30.672,45.50932190037542,18.784339260101568
mp-541627,K3Fe(CN)6,18.725,8.879,95.28257483599309,35.153473574761776
mp-754040,CeSmO2,141.282,73.418,158.0638401323403,71.58470690625502
mp-21888,Tm3SnC,40.815,8.526,41.43090944297103,5.344031124607795
mp-1388,DyRh2,154.129,61.485,178.890307512935,48.643694722982005
mp-11358,TaCo3,242.198,141.455,274.72335660736786,84.2500947556539
mp-16496,Al(CuRe)2,210.864,90.488,297.03080490665,81.91582850594094
mp-861479,PrYMg2,39.202,22.951,42.25670775362865,17.092629444305324
mp-875,AlOs,236.689,124.889,267.59155868129744,74.25612756764473
mp-867788,TaGaOs2,268.88,122.335,297.49607143834817,54.53263343667584
mp-2388,CdTe,46.602,19.072,61.86021761571243,19.69750470263682
mp-9814,Cu3SbSe4,60.879,20.692,76.7096175866312,15.990975544579605
mp-19971,ZnCo2Ge,179.248,26.3,221.15975656717112,70.9764999717929
mp-2050,HoSb,61.329,35.415,85.16672179850643,22.267126502743015
mp-1029784,Rb2CN2,25.925,11.927,62.97613243920785,28.401807749321105
mp-989530,SrTcN3,100.89,42.097,140.7283381590944,44.604371780949826
mp-978527,SmDyTl2,54.144,16.825,58.67122306238973,10.77270817110889
mp-1275,SiMo3,251.363,129.281,327.53717774228795,107.60380684221015
mp-862830,PaTlAu2,99.51,24.885,128.55206032245277,14.910541903272355
mp-11520,YNiSb,88.707,55.328,122.42348196011015,43.860042248272364
mp-3804,Sr(PRu)2,87.317,50.755,134.22334882814366,41.839403065449005
mp-3486,KSnSb,19.885,13.626,31.759317193609007,13.000624319888352
mp-862871,PbCl2,29.472,8.309,33.81308638233905,9.971058825559247
mp-976598,LiHf2Ir,142.948,57.973,149.50227643955608,25.502528906073934
mp-20549,CaPb3,38.108,18.658,42.98190699433179,13.224186843320435
mp-753495,Sb3O7F,169.58,105.424,203.88566921576,114.50067266209972
mp-583266,MgZn,54.259,16.418,64.48698901697881,26.044202420877287
mp-1007824,GaN,50.017,22.424,76.47204904656593,24.339828147501603
mp-977439,Ce2ZnPb,35.63,16.368,54.592485160249865,1.3989428585276626
mp-832,HoPd,94.522,35.725,111.87060503587165,25.390315902270263
mp-1100,YbC2,64.179,8.69,93.79642366350407,47.50340300809714
mp-22973,NaMnBi,23.646,13.384,34.96451146116286,18.909691488734964
mp-505804,Ti2CuSb3,90.931,51.886,130.93037890059603,29.056311394045874
mp-1016442,SrMg6Ga,29.542,19.932,37.61002478652409,16.88204704858578
mp-862986,PmBr3,3.842,1.7469999999999999,33.01988972427922,13.908409444192301
mp-862720,Sr2CdIn,26.36,15.966,28.85749609847271,13.478437025965931
mp-8623,K2Te2Pt,22.506,10.459,40.383630785390245,14.428566269059829
mp-16341,Li2HgGe,41.262,4.176,68.84324863831809,22.478671857828722
mp-1008490,BiI3,34.173,1.423,24.873982593331615,13.223312712722654
mp-505599,VNiSb,142.304,47.873,173.88253513288862,61.933534163841394
mp-9060,RbPdF3,67.565,22.825,73.01664981293682,16.62711971277735
mp-753260,LaAgO2,90.615,23.117,104.58215172885406,40.08552997919661
mp-10178,LiMgP,55.743,22.303,74.87357488955507,33.00347292383281
mp-866192,Li2YbSn,34.107,29.306,46.541692982163,27.692864178088538
mp-976793,LiEr2Ga,54.254,36.081,58.83426993037867,18.024596303699337
mp-7926,TaSe2,22.817,13.913,120.93764279766891,41.28982447378586
mp-29520,LiAuI4,6.138,3.8,29.68056102802543,7.728718452594717
mp-5841,RbCuC2,16.425,14.044,46.406402583655314,21.125920621919324
mp-10398,HoNi4B,150.211,79.36,202.44040400852836,69.8993899162031
mp-2347,NiAs,116.72,18.447,136.0625621387554,23.958127159452612
mp-1018053,InCu,68.624,19.561,91.61759894935209,31.14997394470345
mp-3721,SrHfO3,154.085,98.02,194.66642269997405,106.07914023265153
mp-1540,HoTl,55.065,19.277,56.52311579754605,12.360398858624409
mp-30365,BeAu,148.197,42.582,171.73751441817976,40.642522762423546
mp-973141,ScCdCu2,90.97,37.258,115.54314307641029,27.109463769101414
mp-984627,Dy2ZnHg,63.653,27.597,73.74232457784167,21.791066321761058
mp-865038,HfTaTc2,222.224,99.455,264.39801476965874,57.1079872415871
mp-27984,PrClO,72.722,33.187,122.20671545800862,48.39527571091097
mp-12072,UAu2,111.096,48.418,146.6127440246921,36.98389285640832
mp-1601,TaRu,253.312,75.517,286.03184669857495,36.09672034141104
mp-981365,V2ReRu,268.222,126.088,320.33798056693934,40.99272147675372
mp-23,Ni,173.808,91.592,259.5257347425182,81.19024265244487
mp-1078278,CrB4,274.936,261.781,332.6415323797966,154.04007415232164
mp-569708,TiPt3,234.145,105.465,282.67314352069974,69.07488832356043
mp-9318,KZrCuSe3,30.478,18.801,74.86966781808789,31.62208252449688
mp-5749,Cr2FeSe4,52.11,33.226,72.00009038167256,48.14166634388103
mp-2879,SrSnO3,137.515,74.953,164.64820019995952,84.81675108785616
mp-6613,Ba2YTaO6,137.826,79.834,177.9530311154153,92.9719596803811
mp-30053,NaCN,18.145,11.602,51.02587714584777,28.04650160718417
mp-30835,TaPd2,205.117,73.846,270.34290439441367,61.422807800080854
mp-1025229,TiGa5Co,108.798,50.857,127.85627952456284,36.56970871805718
mp-8354,LaF3,109.184,26.885,125.49266101852386,45.65936083910508
mp-143,Tm,45.516,31.32,48.09158687669596,19.267339218622737
mp-3055,NdB2Rh3,199.655,90.324,247.58785681586212,73.83907853827795
mp-13070,Sc2AlC,86.185,56.9,94.09615114207831,44.43709727844276
mp-979459,Sm5Mg,35.469,16.772,34.338380207754724,13.199437532796274
mp-559044,CuCSN,47.668,19.3,79.70781564204295,38.706647596505555
mp-862705,AlZnIr2,220.942,108.285,280.96503808655643,74.28326163521196
mp-1432,Be2B,144.862,92.441,147.859547513542,87.26988122137504
mp-865757,YbGaRh2,130.602,55.665,156.8802417788686,46.05774288496859
mp-1017985,TiAg,102.455,28.597,125.92852901150226,28.867790980491375
mp-27689,PH4Br,14.902,8.571,50.69485051427761,26.959946841827694
mp-1017377,Mg6SiB,46.07,21.502,61.34807934491667,25.693480911817385
mp-568789,TiSe,112.457,75.306,124.49047844488408,59.558503960247315
mp-558392,Bi2Ir2O7,202.159,15.516,216.53199030264784,80.46688401031449
mp-546621,ErBi2BrO4,69.714,36.579,129.7975254895472,56.07248785730743
mp-20237,CoNiSn,160.052,49.515,172.6438167301714,43.58535368557753
mp-8470,NaPrO2,84.293,42.149,120.57878078150505,64.7710754668671
mp-1191390,TmAlB4,181.007,153.686,220.54879426927013,120.31859823005591
mp-974527,NdSmZn2,53.007,28.981,62.07207126304179,21.099849320181725
mp-22756,K2PbO3,39.098,17.293,72.98397380467001,32.72363719442911
mp-10965,DyAgSb2,67.671,36.442,95.61672053159295,32.144794653117586
mp-567389,Li2ZnGe,42.925,25.919,52.611297353774575,23.305335382911025
mp-571271,TmPt2,169.621,75.074,194.06895375706563,44.306649387687614
mp-971958,Tm3P,60.974,21.319,123.78778846005311,29.15480326706569
mp-867762,DyMgAu2,84.578,20.809,103.98107874491063,28.223673946069013
mp-977011,H3PbCI3NF3,9.507,5.147,49.59239098952911,29.261309709499976
mp-1019054,ReC2,348.768,194.625,375.43908763628326,118.62846807242116
mp-12070,CuAs,106.034,24.932,125.92214291109853,26.781350300998838
mp-4157,Sr(NO3)2,31.616,13.799,121.30428566045289,62.23708984198879
mp-13108,SrHfO3,156.926,91.657,201.21765764229,108.60722325699497
mp-30351,MgAg3,77.693,17.218,99.27299718097537,28.054253913656584
mp-865195,TmGaRh2,147.294,55.923,176.42230801923913,48.02500913301834
mp-2297,NdC2,101.733,37.086,123.33543436358163,50.93246195482529
mp-31018,SrAgBi,35.76,20.895,45.21560316218834,21.29211628854969
mp-5090,Ti2FeSe4,57.172,41.074,121.86622430799636,53.23356520053571
mp-979934,YErHg2,63.799,28.694,74.54651382628195,24.763390607935218
mp-567412,Y5Sn3,62.369,45.075,72.42100600525085,28.571775014607987
mp-975321,LiSi3,40.544,1.5819999999999999,100.30273987307068,23.69818071960698
mp-510076,Rb7Au5O2,14.598,7.755,28.72143498749188,13.23798574978136
mp-1975,TmN,172.542,137.49,252.32366525850975,110.03606653228303
mp-1025370,InSiPt5,198.864,66.434,239.48540875480856,58.25559939126065
mp-2449,NbRh3,248.556,148.259,288.4502346936287,75.27408740838257
mp-1018714,HfGaCu,125.165,70.481,160.8809081497108,47.7658570569363
mp-1019259,SrSnHg,36.162,21.448,42.019876163393874,17.737425922799464
mp-22901,KI,12.418,5.209,18.628719572410418,10.546374180635846
mp-30981,Te(HO)6,26.626,18.976,128.6042891283107,89.42983994593425
mp-10039,Pr3AlC,61.702,40.798,64.64077854403665,28.24372283913318
mp-1078,CaCd2,39.906,23.145,52.16230648480638,20.204234522924043
mp-30564,ThCo,101.93,22.233,123.097341356657,15.3749190055387
mp-437,MgAu,81.405,25.035,110.33021800540868,27.971277792787177
mp-11286,CaHg,36.327,19.466,45.30864055976953,21.79334705592121
mp-8039,AlF3,124.366,76.51,145.00653158770237,80.13381535516223
mp-865191,FeGeRu2,223.605,101.794,221.33226228051004,36.81983560258105
mp-978083,Pr2ZnAg,52.345,20.487,64.15721904109061,19.314764055639255
mp-982869,PmYAl2,60.622,35.164,63.9180829343249,13.044602667086245
mp-972828,Cu3Si,136.43,53.369,202.2001819019659,41.33275794926084
mp-10161,KZnSb,24.144,15.515,30.047427585180564,17.005649252671382
mp-1332,Si3Mo5,240.773,121.292,287.7816753050758,82.38279523594876
mp-1046056,Ba2TlBi2O7,27.729,8.573,91.19341452397624,37.941147965431455
mp-2644,CoSb,148.223,69.404,158.4514249207456,59.379217114598084
mp-977542,LiTbTl2,42.072,17.115,51.21954388307251,12.437503940753514
mp-754326,NaAgO2,58.425,26.511,97.0804941359865,41.60324648152537
mp-973316,NaLi3,11.571,5.99,14.57786184683525,7.175791293760239
mp-8883,GaAs,60.75,41.228,74.12985879447328,37.56977900950946
mp-17332,Sc5Ga3,70.414,68.245,83.5880674912768,32.03764668140389
mp-1025350,Nb2CoS4,22.211,63.614,151.3356980708338,47.97966472768456
mp-20999,La3InN,65.083,41.796,68.04615885626069,24.25213003348844
mp-865523,TiMnRh2,183.807,75.228,257.6507586436858,53.49183057895062
mp-8697,ScBO3,158.788,71.217,183.70107783047987,106.70654585002191
mp-4510,DyNiSb,90.475,56.439,129.66616339013038,44.3626262907338
mp-546973,SrSnO3,142.602,88.097,167.31450455415344,88.41892288464253
mp-19816,Sm2In,48.746,20.676,49.152870638029015,16.16239540439655
mp-560358,Zr2P2O9,85.09,47.769,213.04145958423837,106.90820160408947
mp-350,Zr5Te4,68.334,35.885,117.17137972459764,40.52406782395726
mp-1002210,EuS,79.757,18.648,65.35385834729036,33.61053066390102
mp-4815,Pr(SiRh)2,137.912,83.789,172.83542161044025,60.46398843881921
mp-16526,AlPt2,203.954,60.327,265.7766440842075,53.59634359998993
mp-865355,Zn3Pt,137.109,52.461,163.83442007394976,31.166571169304564
mp-980760,SmNiGe2,99.958,44.624,130.156614259364,41.01358103732232
mp-865731,Li2HgPd,52.245,13.98,83.75400125494008,30.895708724612568
mp-985439,BaPAu,57.169,33.396,70.41261675532006,25.559235120483283
mp-864620,CaSmCd2,42.683,22.585,52.70805266494849,21.483887941116983
mp-1804,Fe3N,253.773,180.178,235.87946118414578,52.68894476823213
mp-1025349,Sr2ZrO4,117.107,66.772,156.98966087442022,82.24775380493553
mp-13263,Ce2Mo2C3,136.107,81.553,202.48047447552256,64.30776228583375
mp-20012,InSb,36.737,19.944,47.50313542330085,13.52396308614295
mp-570677,Ba5Al5Sn,29.211,18.994,37.32864275569794,17.57861691007135
mp-10446,Sc6NiTe2,71.461,15.21,90.42239069953935,32.03805969509405
mp-29647,SmSb2,58.083,28.693,85.29967867677549,26.922658987413932
mp-862473,Sc2AgRu,111.847,37.977,126.47170381651188,29.958198992304986
mp-22996,SbSeI,7.09,5.167,51.84665545600117,15.396370095024857
mp-974415,Re3Pb,244.499,26.112,213.46261154507752,34.2252618647484
mp-1002230,PuBi,33.229,0.486,62.72329435425492,12.72210526480095
mp-22769,TiCoGe,168.613,76.495,191.19005527517857,73.17502364494142
mp-11957,CaSn2Ir,75.338,38.941,106.2460020304123,30.133303183176935
mp-978964,Th3Mg,52.8,28.975,57.78178517997778,18.44797391804502
mp-1008928,EuSe,38.732,15.025,54.375898140185996,24.47365251840104
mp-21188,CeNi,71.273,15.258,98.81240023025101,9.107969922100454
mp-30371,Cd5Au3,73.514,11.916,106.28658633238005,22.559292699380947
mp-22908,BiCl3,4.002,3.6950000000000003,52.6164410770869,19.97009510389968
mp-760432,Cu2O3,95.16,44.243,170.87991832205807,72.75427910220128
mp-22752,FeSn2,80.683,60.881,100.95147735121603,27.999877898385456
mp-979962,AcYbCd2,36.361,18.723,41.326838426915295,20.233600575799333
mp-1476,ScS,99.417,53.382,95.2159673106274,59.38918468072944
mp-31510,NbCuTe2,65.953,37.452,107.49838139160136,44.34386106905062
mp-754567,NaCdO2,69.553,28.076,86.46520279174817,36.136949654608486
mp-864915,HfBr3,5.026,2.429,47.23398359750416,17.00440842024008
mp-470,GeO2,202.915,130.151,256.26097021823324,143.6193049506676
mp-1025323,Dy2Cr2C3,160.099,68.541,200.8699831957839,73.35233855672311
mp-2022604,Ag2Se,25.252,12.062,85.54625975894054,20.370075837319565
mp-1018709,Hf2GaSb3,93.197,62.432,115.81855632897472,37.45546958269422
mp-975801,PrTlAg2,61.809,18.365,72.91062481861871,16.15102153457613
mp-867920,K2Rh2O5,84.38,47.77,143.47950198899872,48.65485805700605
mp-4998,Sr2IrO4,128.645,47.185,169.13774433981624,65.15292575676492
mp-5723,ZrAlNi,130.593,73.136,164.92933373756733,39.66287150325508
mp-450,NbB2,286.562,201.475,316.0684469741516,114.30229909075493
mp-4962,CoSbS,113.942,77.053,129.35960862103687,53.85382541239571
mp-20796,InPt3C,196.047,7.245,233.12619473339035,-11.782345478339279
mp-13277,BaLiP,39.363,29.534,50.633053462228354,22.803864851757407
mp-3536,MgAl2O4,182.861,98.235,209.49545458292147,143.53705118990942
mp-22568,V3Ga,168.668,52.731,191.22656014962567,61.629398162920694
mp-962077,TiAuCl,68.261,5.193,114.19371134398375,-46.467204889226316
mp-3346,HoZrSb,80.205,39.455,101.40048482642668,30.36616450589214
mp-505824,Cs2PdC2,27.319,12.019,37.10056837749646,15.905803428225044
mp-23933,AlH3,27.922,35.304,69.54925547446933,45.2819826519382
mp-1773,ReB2,337.733,276.94,398.45161502500827,141.2611940402298
mp-559976,Ta2CS2,34.146,23.124,201.35048967831688,69.56759983602741
mp-7472,RbAuO2,28.089,12.606,53.7711416867708,27.31332903827406
mp-10931,HoSF,110.246,56.989,130.39039654404047,54.967117368322384
mp-22707,EuAgSb,40.661,27.11,55.014661241371115,25.2452123229445
mp-865320,Lu2PdRu,115.779,46.14,138.36112355733434,32.051732526689484
mp-862815,LiScAu2,82.368,15.743,107.30247760990262,24.53014062866501
mp-569671,ZrSb,104.291,59.306,137.88292359252432,46.49464134356768
mp-5821,TaAgS3,82.882,36.596,136.20321518337073,44.208274524201165
mp-1400172,SbO2,68.54,37.802,140.38853962468815,51.68104180209018
mp-38605,Sn(BiTe2)2,16.764,13.418,54.02910265278349,17.490236182706912
mp-861974,PaCdPt2,145.981,32.81,175.00154721094168,18.950885670063606
mp-864898,Na2TlBi,22.587,16.745,32.53918772092479,6.477984868783772
mp-20070,GdTiGe,73.046,43.448,96.24394515741415,40.720324861418966
mp-2781,ScPd,110.671,32.904,124.07109090538206,18.2522236388151
mp-22412,Ba(MnGe)2,50.054,34.428,70.46336295705875,26.130935790077658
mp-4561,UAl3Pd2,116.197,63.137,145.32561305024578,47.25604938224998
mp-408,Mg2Ge,49.429,42.782,57.48789037073077,26.31468592825483
mp-23507,InSn2Br5,11.176,6.001,31.143717847035315,12.225138347635305
mp-9172,Li4TiO4,79.937,43.617,124.89144919787799,64.809021005777
mp-10750,Dy,41.225,26.058,46.96464950071952,11.749907287009053
mp-1185209,Li2ZnSi,52.049,42.979,67.90286034227465,35.61522671048534
mp-1029595,Na3OsN2,41.387,20.467,78.49844865027735,32.83524552094626
mp-972845,SiMo,199.027,101.53,241.35895329201534,57.127138347193544
mp-755544,YTlO2,83.732,34.596,111.58486997482203,52.59195688377868
mp-975834,MoRu3,295.76,165.564,345.46953648178436,45.38527099217051
mp-22262,CoMoP,244.767,123.348,288.7181023741303,54.39454735276449
mp-1018148,ScAu2,117.569,46.472,141.32561323668514,27.607199469876264
mp-17702,Yb2SiO5,81.431,30.023,137.17933133730685,72.49329675925517
mp-5046,BeSO4,37.858,34.279,171.7693458260836,92.39002208790522
mp-34903,MgGeP2,63.914,32.097,62.170795562960905,18.82127088380727
mp-867123,TaTiOs2,267.946,94.516,300.2104537941937,60.14438739509064
mp-5605,Ce(SiAg)2,90.121,51.335,110.22300989642817,50.19413552911136
mp-3281,Al5BO9,159.267,78.213,187.5751901980586,115.09028066686776
mp-5729,YAgSn,71.171,41.828,91.16280407612027,35.922853171098396
mp-866081,MgSc2Os,105.142,25.439,123.03562835364232,33.3902272807302
mp-29658,ZrNiH3,166.689,69.397,175.94627889730305,53.19908998250667
mp-10739,TiPRu,219.7,102.358,267.3294645177423,57.94297593371177
mp-1424898,YBiO3,113.052,19.427,134.8178790511367,32.36776999888622
mp-1018689,ErZnIn,65.841,40.822,86.19060679303982,25.53115309446874
mp-1240,HoS,99.911,42.662,137.0548793274014,64.60356925651654
mp-2078,TiCu,127.744,62.551,154.67191357507903,37.48814540641775
mp-4652,MnRh2Pb,151.048,28.127,186.87354105592664,39.983087208408065
mp-2725,TbIr2,196.495,86.675,229.781224376049,59.71006840006629
mp-985283,Ag3Ge,82.772,10.842,112.43388167531343,10.10217751565129
mp-4227,BaVS3,46.423,2.098,83.4327868049091,35.30721254918422
mp-102,Co,200.587,120.256,229.55076109095097,77.67774391863475
mp-570568,W2NCl8,4.479,2.06,81.93495267293227,29.752710454323932
mp-2626703,BaCO3,50.172,19.045,93.50047709010224,47.564909857736005
mp-864631,LiNbRh2,175.191,56.338,214.95834931966442,52.3428356755986
mp-21318,PtPb2,74.915,19.891,98.37418853825505,22.98502407733582
mp-567406,SmZn5,76.323,41.622,88.42138126835225,33.81937542182444
mp-910,NbC,296.238,180.981,349.40956033326233,130.48413401334537
mp-1705,Sb2O5,125.537,75.478,221.17267068306055,124.44315623238015
mp-10261,TiNi2Sb,137.552,27.593,177.4996433941156,32.49494886707121
mp-720,TlF,6.828,4.15,38.13128077397964,13.954916608813209
mp-10086,YSF,104.335,54.195,121.90390513958377,53.584630477894116
mp-13436,PrMgNi4,113.482,48.482,151.5155498028608,48.086136728915086
mp-34240,NaZnAs,42.014,15.206,51.1643160215786,28.809838555370803
mp-22863,CuI,6.287,11.412,53.7537875774928,13.460523619624306
mp-13900,Sr(CuO)2,68.022,26.331,115.801530878558,48.86313211986718
mp-10755,TiFeSb,119.461,56.301,198.25923081194878,70.62736415175553
mp-553310,CsCuO2,29.967,12.092,50.642966308905,23.65948518104143
mp-757,Li3As,34.809,30.48,44.18542225251651,28.815560673775888
mp-2802611,H3ClO,8.222,4.34,27.685230850439016,18.782996456871093
mp-258,ZrV2,138.858,8.879,167.37606840000248,25.568820182652864
mp-568565,CrAs,97.069,68.271,108.96516200453634,37.01153528343995
mp-29417,Na3ScBr6,14.933,6.566,31.307589232279497,15.117118640302788
mp-603347,TiNi,145.461,61.591,185.46265857958883,45.028691889361134
mp-8102,W3N4,344.254,70.766,350.10153638539725,45.763917650052996
mp-5175,NaInO2,90.689,50.611,142.72866316254107,64.58056039890901
mp-29398,Cs2HfI6,6.99,4.16,27.195359173763425,12.843296440072924
mp-4454,CeCo3B2,321.221,472.294,248.88111077528617,77.28178911001528
mp-2033,Ni3N,201.929,73.848,257.16959043582955,56.90396907388488
mp-31038,CuSe2Cl,5.622,5.1370000000000005,63.843964059938834,17.851683245500492
mp-555056,SbS2NCl6,4.891,1.901,58.638855962539765,22.245138310017754
mp-752849,Y2Pb2O7,139.254,70.675,138.49733329164619,71.76323432629789
mp-5072,Rb2HgO2,23.964,11.792,43.73201458244379,20.676695241572965
mp-864936,MnGeRu2,227.345,109.437,241.11299585828726,43.79616577386059
mp-1426094,AlSnO3,152.634,53.245,149.61731306930383,37.44846988223219
mp-1552,Mo2C,295.211,151.829,382.5292813330427,86.82840732997992
mp-864788,NbInRu2,210.794,96.619,239.26386182331834,57.82732547388193
mp-549158,InCuO2,120.572,35.461,150.03090845443361,55.53931984005262
mp-997616,BaC,37.274,2.787,37.18051985569947,19.69005057689823
mp-631536,KBIr2,136.47,27.99,207.98346876065685,-16.855553815068962
mp-864606,AcCuO3,163.571,81.723,211.82301050165313,81.4753276509219
mp-10695,ZnS,69.082,33.55,79.79807795031222,28.20373774867959
mp-6961,Sr(SbPd)2,69.54,20.054,101.20262795641239,23.078889143380295
mp-557266,HgO2,41.06,15.676,129.29366858804084,31.109738554091802
mp-754134,HfZrO4,203.819,98.598,235.75253601512156,95.34089637639364
mp-977310,OsAu3,183.641,15.146,239.73854360026948,29.115816307776047
mp-23709,Mg(AlH4)2,17.913,7.326,58.08580106662989,25.565716420131906
mp-30344,Li2InAg,43.023,15.372,56.22423544530307,17.835079440809643
mp-1345518,CaTi2O4,155.411,86.945,211.4715879940696,77.38765502238626
mp-11366,ZrZnCu2,121.262,42.491,164.03221153984586,31.643174445352773
mp-35035,KCN,15.286,7.891,43.272061496222754,21.367690457483427
mp-328,Zr2Ni,117.807,20.086,146.05761442177754,27.287988008956546
mp-568587,CrCuSe2,79.768,30.456,84.56043670466761,38.924769361597534
mp-23041,SbSI,6.858,45.967,55.66313443858079,18.348057213592696
mp-30825,PaRh3,212.903,92.757,244.0393399009596,53.886558679836
mp-510557,CsN3,15.276,7.301,55.33924457924945,26.076500306907114
mp-30472,Ca2GaCu2,53.652,25.146,61.193065305804794,24.411970485360335
mp-1216966,TiCrB4,277.905,223.639,254.91757177875334,117.62326569231273
mp-1039106,SnBi,49.232,5.49,56.184879687723374,3.6602639408211384
mp-867979,LaInHg2,52.025,11.561,66.08973455480574,14.636469746628105
mp-7364,Ca(SiAu)2,93.089,36.257,110.56935488159169,26.936747709892753
mp-10010,Al(CoSi)2,187.321,97.117,191.91102929969657,72.61528860491957
mp-92,Si,107.613,62.896,137.07352036028192,50.60722489555704
mp-242,SrB6,144.836,110.605,172.02749039510127,115.4296682299611
mp-16488,Al9Co2,107.487,72.22,123.03746302076496,39.81314077753296
mp-30080,Li2GePd,62.413,22.035,114.22648305339698,30.14497356277922
mp-30658,VGaNi2,167.969,38.51,221.42097915010868,43.429348993794385
mp-570557,NbCo3,199.865,38.258,255.23966344319538,80.61356838993738
mp-975868,Li3Al,26.875,18.203,33.11585035596364,16.7039121882683
mp-505198,CsCu4Se3,37.252,15.102,78.91064950947133,19.921989814267796
mp-770649,Li5NbO5,99.64,64.543,160.418202303752,86.57944549302356
mp-1018121,TiPd2,160.261,99.939,215.7234470889876,13.687895403260903
mp-20214,UGa3,83.085,52.872,97.66322979278702,28.906519552992663
mp-865113,NaNdAu2,57.865,17.696,73.42761297515524,22.244552756359525
mp-1025281,Ti2NiSe4,69.621,41.997,112.23271650312378,37.892447720614896
mp-8932,Cs2SiP2,15.288,8.595,35.17444928449868,14.860748710391066
mp-982245,PbAuO3,132.88,48.968,148.5116561191457,51.22546553383346
mp-982780,K3Cd,5.074,2.625,4.6243522852797785,3.8421364245377534
mp-16482,TiAlAu2,138.455,26.152,162.69161593995895,15.029956784515608
mp-1025377,Cd(AgI2)2,10.114,5.05,30.313468695619825,7.433925947309506
mp-20106,Li2NdSb2,41.162,21.469,61.39310289632409,29.425149854733583
mp-22541,MnNiSb,98.538,0.5750000000000001,100.30729383418908,18.692541669643358
mp-982070,VIr,270.236,116.36,316.98901875212687,52.87109357672745
mp-865871,Li2ZnAu,46.741,4.542,71.02614631564549,23.654840662662064
mp-30683,ZrGa2,99.541,62.966,128.47600886185822,33.37684191566187
mp-567220,Hf2SbP,122.772,69.177,144.80465255633715,49.1280292840833
mp-1734,CaZn5,59.683,35.088,77.97703925724971,32.854787186425455
mp-862431,Sc2AgOs,123.096,45.47,141.2289579039644,34.36353480373934
mp-569270,V3B4,278.729,233.825,318.06812892799826,109.6944890390793
mp-567203,La(SiOs)2,136.757,80.697,198.68537294217836,60.741888305227384
mp-866109,HoNbOs2,200.406,84.188,244.677450376949,44.46067294432397
mp-974253,HoErZn2,62.845,30.971,70.94780356744745,22.39203084753082
mp-755323,DyClO,69.64,32.308,131.42974103199202,56.28809043904298
mp-865533,Ti2ReOs,240.23,110.684,262.1870585070491,75.33865922108029
mp-30846,Sn3Pt2,102.187,30.087,131.8562898654507,37.801514971990656
mp-1029531,Sr3ReN3,58.683,28.697,92.77514704633316,41.12148637758362
mp-2205,LuPd,102.592,40.255,119.47486583060329,27.782359515735614
mp-20290,TbCuPb,69.232,45.363,86.2292599760691,30.865620579110317
mp-28770,Ca2FeN2,77.679,42.257,105.6583249322945,51.24981873291379
mp-1009848,TcC,239.569,47.813,259.04144293360065,-33.24179951929994
mp-21910,Nd3AlN,32.77,10.085,31.362258814802125,-0.5110828723844211
mp-20697,ZrNiSb,133.345,55.766,162.55917250252332,51.10341082177561
mp-13459,NaCdSb,32.293,13.704,45.50710221119662,16.23071370440731
mp-3208,ZrGeTe,52.592,43.277,114.33993828532444,51.28330000359835
mp-4043,NbCu3Se4,33.566,22.259,107.78268071423769,39.14737520452132
mp-867902,LiSiRh2,186.513,102.23,234.2788883727971,77.73227302957655
mp-1018107,ZrTe2,13.477,13.397,68.07517533516597,20.81460278107764
mp-1025167,Hf(VGa2)2,133.265,85.459,159.24577878704235,51.36035568863526
mp-570791,SiC,213.212,187.261,242.0736213394506,157.28914582527167
mp-35841,Li2CuGe,58.787,40.226,85.37297235918037,34.18249981442016
mp-3387,CaSiO3,214.891,122.375,241.96468199089765,161.5088076654141
mp-11375,EuHg,41.48,17.948,42.2978881008432,15.57458958814744
mp-319,Sm2Tl,48.346,18.805,47.31909127843156,15.077449300044236
mp-12059,Sm(PRu)2,142.12,93.691,208.22520105382094,56.07629396096901
mp-865507,VSiRu2,250.046,119.671,297.2724384555992,58.35350152226222
mp-978552,SiRh3,238.173,104.483,297.2682002325756,45.99270512399675
mp-867158,SmCd3,56.236,23.153,69.05747077720581,19.033675932962066
mp-985438,Ce2CdHg,77.089,16.069,60.12517948676103,5.321702450472277
mp-10402,TiTl2F6,25.672,7.213,75.89390342917402,30.554019133451828
mp-866116,HoTaRu2,183.596,73.942,233.970275808279,42.46895674002908
mp-862372,Sc2RuRh,148.186,63.627,175.15101498648917,41.97880550274372
mp-1018649,BC5,376.878,331.922,397.5203538191841,243.1022955727536
mp-21374,Cd(InTe2)2,20.89,12.794,47.93324259593039,12.819817010020591
mp-972257,LaTb3,34.964,19.382,34.962812881978635,14.734927012202453
mp-984240,CsCaO3,40.397,10.838,53.91495646112421,17.689395374787903
mp-10256,VTe,62.066,40.094,80.24777892213945,31.359803247539727
mp-16521,Al3Os2,202.423,117.084,253.7196052647937,73.37854561892449
mp-865713,Li2TlBi,30.009,22.827,41.73844895960433,12.269070263028087
mp-1025288,TbGa5Co,92.096,54.393,112.37087425193418,39.9768724756424
mp-7163,Tb,40.344,25.572,43.87324927430316,12.092858429659454
mp-568806,C,112.835,71.286,207.78084191500162,99.8036590076226
mp-861510,Pr2SnHg,53.848,19.059,59.83971537383228,14.727131387729397
mp-11517,NbRu3,254.366,135.775,291.6580913429299,57.882244621071926
mp-30363,BaAu2,44.664,16.757,55.0795473160294,21.311069976976512
mp-13181,LaF3,125.291,12.21,146.47691325558444,20.18477969318991
mp-570910,Rb2CrCl4,20.171,9.206,30.91282598579163,17.39524615152375
mp-13095,YAlNi,92.941,38.915,111.19458907926992,35.31945128059574
mp-2334,DyCu,71.228,31.884,83.42065178185516,24.00276655527033
mp-20211,Mn3Si,227.244,100.274,295.4039219438214,57.71721742145584
mp-12765,GdC2,82.475,40.245,128.4160450545947,54.03148557119886
mp-961696,MnCoSi,181.264,72.168,199.25925878881148,60.28515339880244
mp-448,CoN,248.591,47.951,112.36390640756912,34.15401797573567
mp-3747,Ti3AlC2,158.241,128.029,214.85852161881346,97.65538767620276
mp-1016826,MgIrO3,172.48,16.076,240.0697544836274,47.49256021414493
mp-8161,CaPdF4,75.302,30.762,91.5328597599256,37.5210184808705
mp-2468774,LiCuS,62.759,30.22,92.8340368670167,38.178991097349815
mp-2659,LiN3,35.899,18.796,87.82594444531094,56.90391236436975
mp-1447,SmSe,76.17,29.406,117.04132694632399,44.634216867169386
mp-22486,Tb(MnGe)2,115.215,64.592,115.7923759785048,53.456871498761856
mp-4064,Ca(NiP)2,105.433,73.682,163.23752803607294,56.95828515151711
mp-141,Yb,14.467,12.032,12.887497887302597,11.535794404554425
mp-10021,Ga,55.429,46.698,58.20168475395056,4.380230770461362
mp-5055,Na6MnS4,30.501,13.834,38.180475345218376,22.881521535361923
mp-983908,Er2ZnAu,77.836,35.198,92.31176284633213,26.4542386946754
mp-1377,ThCu2,94.521,32.47,123.41678626053415,29.73177401670524
mp-22446,Li2PrSb2,41.299,21.813,61.35645889428872,29.487518852290485
mp-2845,SbPt,121.63,33.728,150.0214621343422,37.72027054379178
mp-866001,AlVRu2,236.108,125.212,293.9354951658219,71.20593478862317
mp-6319,Na2MgAlF7,64.198,40.586,93.5593611177692,53.11859186609179
mp-1016296,SrMg6Mo,39.303,25.678,50.50263791064139,20.167432369626027
mp-3456,Tb(CuSi)2,119.971,76.235,145.43790986435428,64.68100628849841
mp-4492,MnCo2Si,218.693,111.468,264.6163494170078,69.8581840236305
mp-567191,CaAlSi,55.59,38.055,54.38123935191761,30.642035428289343
mp-865753,YbErPd2,79.277,27.507,93.360038892436,22.56440083861837
mp-1025069,PrSn2,53.735,30.622,68.62277483560094,20.0678044667779
mp-4895,UTeAs,71.159,29.644,91.27957911178981,44.461017559345464
mp-11482,MoIr3,337.003,189.314,431.255982156229,67.80229654610743
mp-684597,InSb,47.174,18.782,53.87147602745246,15.297917975691691
mp-2589,MgO2,129.089,86.082,170.61624069032734,90.95507335867677
mp-865615,GaSiRu2,228.828,88.656,290.2597425761071,64.84065132155612
mp-4249,Hg(CO2)2,44.013,20.522,108.44047100162507,60.61828242845157
mp-22204,Co2P,223.42,75.138,255.61716129093944,65.88770923646283
mp-20595,Eu(AlSi)2,61.992,42.25,78.9982108265922,31.587263768261955
mp-2784,Na2Te,19.229,11.389,24.826758658759967,12.572983671820845
mp-12990,Ti2AlC,137.103,115.936,188.1806374260913,79.74594685831552
mp-568912,Be12Nb,134.036,144.017,198.89382208047962,95.96758537577843
mp-1009695,CaB2,121.439,104.665,137.13205322566444,87.31954815059369
mp-1549,TbPt3,169.757,71.121,225.76381274119143,43.67365972397726
mp-23060,Cs2PtI6,7.331,3.998,28.321501255262973,11.629613817840706
mp-30737,YMgAg,54.978,36.231,57.289186843826165,17.307383506830806
mp-13334,ZnSnO3,164.367,62.67,191.9797073461602,87.45454678115486
mp-546279,ScBrO,22.781,13.41,96.83358049009172,43.49881054395042
mp-4864,CaMgSn,40.739,28.662,50.778176608242035,23.348060920978707
mp-556382,EuClF,48.258,23.338,67.37691731583206,25.590501368310637
mp-567590,LuOs2,218.705,75.807,261.65710094478254,63.56595786478139
mp-865989,Al2IrRu,218.535,127.182,271.6692185679921,80.91177159181527
mp-864672,NbSiTc2,245.129,86.818,272.7139803121252,61.43121867917134
mp-9386,CsAu3Se2,7.606,2.961,53.52051684497307,13.553448388849656
mp-11478,GaAg,65.386,7.734,83.93690786166935,2.1247347011981432
mp-601257,DyCuPbSe3,45.811,23.788,74.96975853440362,32.74348957785775
mp-8842,CaSiPd,65.66,32.776,99.30520113138276,33.804474245136284
mp-10074,GeSe2,13.587,10.677,64.68558789835171,13.368295206171622
mp-865378,LuSnRh2,142.714,236.351,172.96344790376796,41.68875497567029
mp-27164,FeP4,136.947,112.471,158.50284095823184,54.857912548342185
mp-1219553,RbBH4,11.822,7.082,42.06071012331554,29.307612976959167
mp-631377,Re2PtRh,293.668,233.098,332.09572750109663,-222.38293459770225
mp-22685,TbInCu2,90.141,43.172,113.059427281186,33.52480621428162
mp-867361,CeTlAu2,83.944,20.109,101.11514964911976,14.524677125929784
mp-980192,YbOs3,224.333,46.685,268.673476737737,10.961297740434935
mp-976838,Ni3Au,173.553,46.299,213.16846441000752,58.25102395253193
mp-1319,ZrTe,88.453,48.267,109.68676814952796,41.987024790162714
mp-1025150,Cu2WSe4,30.602,11.26,92.40082387773272,17.815947964459216
mp-21844,UTl3,51.996,27.469,66.51444657492323,18.95027035926596
mp-29152,Zr2CoP,158.429,79.053,175.74721016344301,47.417434012757795
mp-3982,KCuO2,34.178,17.182,63.629018087949675,34.31550904835463
mp-980094,TiPd,151.922,87.665,200.6459791155425,51.66336457199793
mp-7601,NbGaO4,162.98,59.533,231.13424796852516,99.49896243316391
mp-582034,SiC,213.198,187.685,246.30008320176043,158.35787482226826
mp-1949,TiMn2,181.973,54.384,243.5862779099804,48.00292463221169
mp-7473,LiCu2Si,105.396,55.803,135.24274455561977,52.87589736319205
mp-2172,AlAs,67.291,39.773,76.36736994332786,29.376337409487256
mp-760414,Ti3PdO,170.984,45.205,146.63557515887325,57.71518694567164
mp-9124,LiZnAs,53.606,40.964,67.05004191113879,35.16563340821504
mp-1189382,La2Co7,340.64,37.755,137.9411517261658,34.74123244172845
mp-5540,SrB4O7,147.126,118.908,241.98371018764857,148.16195453690204
mp-1013553,Sr3AsP,31.673000000000002,21.339,38.90143556986044,18.205964440033625
mp-23794,H4NF,30.444,6.912,67.03968939753513,46.139608235210076
mp-1013708,Ba3SbN,17.51,7.688,28.59302962045583,6.095010034535364
mp-972879,Sc2RuAu,125.306,30.673000000000002,157.58925631654105,32.96419505372148
mp-1057,Al3Ni2,131.24,87.345,169.09641527777484,65.66580161530118
mp-2516584,C,113.32,87.786,191.89254724344485,96.78955659986224
mp-975905,Mo3I,178.725,20.22,235.46728724319254,46.360955854822464
mp-23189,BI3,0.806,0.637,20.099503336892393,10.425020231265968
mp-864884,DyCdHg2,63.398,20.259,81.61090459874343,19.592443394753374
mp-3792,YAlO3,190.06,111.803,230.58974661593788,130.98926616313113
mp-8884,ZnTe,42.546,22.507,60.08242317468931,25.782780654912276
mp-973622,K3Sr,4.901,1.584,8.645667530361115,3.1854104309065496
mp-30953,GaBr3,0.727,1.064,37.13580488775036,12.090153778469803
mp-3097,Tb(SiRh)2,152.124,89.341,190.21967447105195,69.61758602243489
mp-15800,Ti3PO2,181.87,66.326,52.17919022128296,76.1334820698271
mp-1217964,TaB2Mo3C2,315.136,199.102,381.48237693641744,103.56422641630783
mp-11147,Na5CuSO2,35.442,18.576,48.45112071577461,28.230919061051278
mp-1009828,BaSiC,24.222,20.55,37.849692945442094,13.20961376799832
mp-31136,Lu2NiSn6,65.165,38.649,84.14191013844369,26.036938255653798
mp-1008395,C,401.484,421.283,490.70593391519316,314.16325144865635
mp-1018149,ScCu2,101.63,42.846,112.35319600779,13.004003071922202
mp-961713,ZrSnPt,133.908,63.302,177.92849112827585,45.23016178864997
mp-2977,CuAgTe2,20.693,10.103,85.45428228786007,21.723838389742674
mp-132,Ca,17.349,10.874,22.784667237425133,11.369038866437236
mp-5920,LiAlGe,55.853,50.642,63.425432681178144,35.73019511104808
mp-2536,Ni2B,238.119,98.426,311.6353533140599,103.73021878177929
mp-3679,NiSbS,84.973,51.865,125.41178950669389,46.92947069651629
mp-567724,TaSe2,19.6,11.97,115.38494539667306,34.54991956937775
mp-862886,CaPmPt2,87.525,34.909,102.31409394625595,22.77672233600753
mp-1191630,ScCoB4,223.874,172.568,257.1150525432952,123.51643896938522
mp-76,Sr,10.978,5.411,16.425127600490505,7.588035604334048
mp-976784,NiAu3,144.369,20.114,196.53862561281233,36.291794529389875
mp-999558,Mn2SiNi,198.379,89.79,216.39247192282582,62.624038647320866
mp-542264,BaNaCe2C4O12F,74.92,34.761,133.5640010129384,69.9476078067717
mp-4002,Li2ZrF6,58.042,35.314,116.00082043258838,48.54043959126351
mp-1013714,Ba3SbAs,19.616,10.293,30.390293360836694,5.841312983229027
mp-23341,Bi2Pt2O7,179.413,76.076,199.12082178187845,89.88887955515928
mp-866005,Dy2TlCd,57.964,25.723,63.88372302802774,14.934247827591255
mp-972549,SmLu3,43.336,28.525,42.776223694426555,18.381921270497944
mp-631322,KSnOs,58.658,15.074,70.58589609699145,31.58515860280286
mp-2811,MoN,332.975,196.526,412.6468192114049,104.07531421783914
mp-28233,MnCl2,7.158,4.202,104.54156155404128,26.19629392952431
mp-1558,SrPd2,80.634,31.664,109.99232175001511,35.09967379910638
mp-1009657,CaN2,82.688,39.226,87.46755763269054,37.52985448468598
mp-890,NdIr2,183.307,78.105,221.09951810521065,55.36169563099786
mp-1153,Li2S,40.49,33.875,41.19317013570058,30.500970085081992
mp-941221,Li(BH)5,16.486,10.386,95.41928270234231,55.69515337606763
mp-11364,TiCu,129.327,49.243,172.3313257634289,31.029507070550146
mp-9274,Rb3Sb2Au3,15.491,5.4879999999999995,41.05915472877842,12.423167890361547
mp-977589,Tm2TlCd,60.245,24.389,63.77400434501995,15.308369515547286
mp-1007760,Ge,59.529,45.231,60.17153450082418,21.72112822314734
mp-555678,Na4Ti5O12,133.543,60.956,182.38794362454357,91.2200290376119
mp-19761,LaGe2,62.983,17.74,81.8812910652622,25.870315268839185
mp-6980,ScCuS2,79.868,37.063,106.90124855391814,46.88318614377171
mp-742,Ti2Cu,130.928,54.059,143.41960443981915,35.05169432097425
mp-12884,Hf5Te4,77.308,36.907,125.21040127901139,44.85759592676151
mp-867372,ThCdAg2,82.451,19.287,96.42235773791921,19.429963811775977
mp-862288,AlFe2W,238.376,45.537,267.697481488615,104.84190394102477
mp-862870,LiTcO3,194.213,79.846,233.53481365768488,71.72154063747641
mp-867810,LiYHg2,52.184,12.474,61.77344104581358,22.298879227915926
mp-2680,LaB6,181.75,134.517,198.37832979972345,117.0639098900065
mp-2027,HfCo,123.98,60.459,183.40349298292367,30.804787133220426
mp-7463,Cu3P,124.032,41.154,176.7026794885754,42.315104173626985
mp-776320,CuAsO3,50.551,6.569,202.60606034024667,68.03008901330773
mp-1774,ErB2,171.507,164.724,184.74606209138537,111.6368619780049
mp-946,PrIr2,179.692,75.41,213.5283218871705,49.02560518686029
mp-8122,ErCuSi,97.809,63.774,122.5403008393584,48.22257171568692
mp-867874,BeVRu2,241.663,90.582,289.4924510070999,63.94971275837326
mp-2606,BaPd5,99.329,39.724,144.47226715109286,43.78495455804233
mp-22154,In2Au,53.29,13.931000000000001,78.427027572682,20.242245109224474
mp-644481,ScO,184.583,103.187,195.61422607980595,98.4217787017569
mp-865671,Y2ZnIn,59.596,33.082,68.49828089418656,16.788305705889023
mp-9385,RbAu3Se2,9.541,3.555,54.234108155128126,13.556147387908887
mp-10778,RbPrSe2,31.371,18.356,45.909213437125864,19.531097159756737
mp-865964,Li2CaSn,34.099,27.664,46.71740305240681,26.108590704162527
mp-4793,U(SiPd)2,141.952,48.272,170.51440027326117,57.02217384029986
mp-11256,ScAu,103.841,41.675,119.20375740840907,18.085917510311447
mp-570157,ZrBrN,22.365,16.412,118.45644993202552,49.06229792724367
mp-861872,Ac2HgGe,47.445,14.917,49.74008433047027,15.905617658092746
mp-1378,LiC,40.769,30.156,79.21996782326704,47.57477861667879
mp-867242,Sc2ZnGa,78.569,46.4,91.21420027083055,23.325802582406784
mp-865563,LuZnPd2,111.102,18.066,148.97864655239061,29.101004651205752
mp-1008527,B2CN,326.549,315.747,358.32852329436037,184.39805136655164
mp-129,Mo,262.529,117.048,282.6567403959425,41.60564622871009
mp-9577,Ca3(AlSi)2,49.839,35.571,53.92500311594975,29.152109918389918
mp-20994,TaO2,255.403,113.66,275.38480336185654,83.93121978901836
mp-976321,Li3Pr,20.736,1.26,23.404576169781706,12.203539210050238
mp-281,YbCo2,93.676,14.307,98.34276778649311,30.293115669813524
mp-810,NiSb,108.123,50.253,126.97501134937299,45.5746447580301
mp-1009019,FeN,200.505,84.859,186.0702791684736,-661.2666371658062
mp-542065,CdAgSb,58.715,6.418,74.04525899424125,14.912561013431313
mp-7622,KSO4,21.988,11.3,91.49829738248712,56.42213678596908
mp-15963,HfPRu,220.115,95.48,253.5636524290995,53.87863109746118
mp-1016197,MgSiAs2,57.986,28.695,64.8920207488168,22.756058154854344
mp-983567,CaAc3,22.937,13.541,26.956870036342256,11.546926075007985
mp-747,BaPt2,103.144,39.324,129.8729987192168,29.704628035192734
mp-2012,LiHg,32.253,13.906,47.37260511764961,23.702242750739103
mp-972960,La2IrAu,86.527,12.239,102.66229595849859,15.709817395633069
mp-11733,Lu3InN,95.187,72.27,111.55831967673089,47.26698092115813
mp-999190,SmCoC2,151.847,90.299,191.29606738712621,72.9755929921686
mp-979422,YGaAu2,85.925,3.029,110.56990010687751,5.6624562315796645
mp-569426,SrZn2,35.093,14.647,43.375330349079746,19.866540041939572
mp-13548,Cs2Pt,12.618,4.817,16.754433715806975,7.88584402169724
mp-775910,ZrO2,188.21,98.43,267.72974777042384,112.4649184792071
mp-985831,HfSe2,16.811,12.019,92.11454374810758,38.10515108367658
mp-2668,Mn3As,121.507,44.278,196.27999613648717,38.992349713477076
mp-11553,TlPt,62.299,7.605,93.58869592547197,13.71992156311717
mp-1039148,CaMg,25.36,14.975,28.053448396374495,13.742175106431901
mp-568880,YInPd2,102.492,30.541,130.73555841132722,26.343105896752597
mp-464,HoSe,82.998,29.485,115.6009912575632,55.147796918733476
mp-12104,NbSi2,175.016,142.771,206.57754337089438,87.16899866729742
mp-492,TiN,278.511,191.577,360.4667585621427,122.24244450318172
mp-862258,Sc2ZnPt,112.221,7.036,114.42163010828132,25.3672884204856
mp-11597,NdBPt3,170.929,60.983,224.7987980661381,52.081710452416836
mp-22256,NdMnSi,56.943,32.522,101.28390210426758,43.151921091853296
mp-1159,Zr2Fe,123.018,31.901,136.45499092368112,31.42310902844132
mp-1004377,HfB6,181.947,16.36,190.33947764428555,52.73340310340956
mp-552738,TmBi2IO4,68.302,37.095,118.64206613389075,51.51588505867531
mp-973067,ScGa2Ru,128.767,23.656,152.5954114895983,11.51041786989066
mp-19747,Ni3(PbSe)2,57.203,17.818,108.00613388005051,33.9423254731044
mp-1029776,Li2GeN2,83.069,43.636,138.39982890972846,81.91731686101552
mp-976356,NdSc3,44.174,24.132,47.45431377656545,16.413824277384357
mp-10185,Mg3ZnC,62.165,37.249,70.92298599658676,37.78348041644746
mp-22934,K2PtCl4,12.029,6.6690000000000005,33.937495079324194,18.286805355603498
mp-2030,RuS2,172.042,121.491,238.48897660455816,68.98128431884047
mp-865936,LiSc2Tc,82.734,32.676,99.366593698943,31.691104922632963
mp-1009769,RuN,281.889,287.292,343.20505850492646,-16.67121366338251
mp-540839,CsPbI3,9.811,4.607,20.595130070934527,9.498801084191673
mp-21022,Nd3InN,75.749,52.058,83.39151109422734,34.85303179527234
mp-554822,CsSb(PO4)2,28.723,27.719,136.77601194137026,82.3340528774724
mp-569815,Si2Ru,183.66,108.94,244.21785327212183,80.01452807242465
mp-22925,AgI,25.685,6.593,34.07601194917818,3.101116997480767
mp-568619,SiC,213.208,188.038,243.21996588814073,152.48218158188604
mp-1009831,TaN,312.497,189.096,336.1781258213548,-36.00715474623953
mp-9850,DyP5,66.326,42.871,101.07089833535113,34.000943579166425
mp-1569,Be2C,200.504,228.81,243.3537862489999,169.47818926371372
mp-23764,Mg3Si2H4O9,63.515,35.137,156.05768908886768,98.05634329748781
mp-865999,YbTlPd2,82.283,15.978,108.61027325968496,13.720731960594954
mp-5782,AlAgS2,62.691,21.746,76.72639517947279,25.255460425440695
mp-1428312,AgN,147.992,27.861,213.19679026732166,-64.32274734378117
mp-753326,LiAg2F6,50.447,17.197,83.76407490540853,14.901728132800107
mp-1420858,BiN,116.636,6.697,169.32291185621915,-6.635570219949654
mp-2394167,VN,299.032,148.726,388.7167995427016,69.21292789243151
mp-37,Th,55.005,39.908,64.07143343099693,19.538582605336675
mp-972925,ScZn2Au,98.751,37.129,122.25541072874671,21.62343690350004
mp-309,ThAg2,83.938,36.124,100.64416193892077,32.48255122994613
mp-1020011,Li14P2(N2O)3,83.023,68.471,137.11317388805904,97.19722065332515
