mp_id,formula,K_vrh_DFT,G_vrh_DFT,K_vrh_mace_matpes_r2scan_0_D3,G_vrh_mace_matpes_r2scan_0_D3
mp-861884,AcGaTe2,43.131,14.998,52.770109183808984,24.582127809877832
mp-1390618,SnO2,42.723,28.477,167.95175714238567,96.65751388686199
mp-983358,HfAlFe2,172.287,92.953,136.35725196090294,81.37867910398631
mp-600124,MnNiSb,101.928,50.092,113.82765670792152,68.78072340287552
mp-1635,TbMg,40.716,20.807,43.580146034168635,20.524235372502353
mp-3384,Er3Al5O12,173.762,105.755,226.70781504092227,135.39205038074556
mp-55,Sn,46.694,5.892,57.437946265031535,-30.938661136651326
mp-4668,K(CoSe)2,50.314,24.198,45.91536140856424,31.668406261979392
mp-554352,Ba2CuF6,57.176,21.226,97.06562370400776,39.04111397877058
mp-862966,PmTlAg2,65.448,18.899,77.64295638937458,22.18217572082656
mp-973824,LiHg3,22.639,18.474,46.99333246485882,1.744398165456102
mp-11722,PrGe2,64.615,22.802,74.60342567846315,31.817692502906148
mp-7426,Ba(ZnP)2,55.357,28.964,71.759514996553,42.38298465235982
mp-675180,ErCuSe2,65.035,28.853,79.9091298775867,42.19040113989651
mp-974421,IrRu,329.122,156.327,432.81092419973845,230.40646503955784
mp-20552,Cr2As,155.123,75.452,80.71471302926683,58.858044878421765
mp-1008483,CdN,101.532,19.068,109.02816016659116,17.443036860187068
mp-1560,LaTe,54.332,21.792,64.756021611287,20.291052406886738
mp-5526,La(CoSi)2,117.558,76.385,147.37940348563174,90.19127179578692
mp-11801,K3N,2.7199999999999998,1.43,9.115506651734,4.739622950088472
mp-4494,NaYbS2,36.215,11.768,67.05913144450138,40.132100590058975
mp-13498,Tb2Mg,39.124,15.539,38.27822568816612,18.96686006674489
mp-867125,Al2RuPt,201.068,97.729,266.5237905748659,135.8051415299377
mp-980663,Yb2Mg,21.912,6.47,27.471299783518912,17.86251778792266
mp-644281,Mg7TiH16,63.812,30.422,62.598337535164404,56.35107352397545
mp-977408,NbTlO3,176.002,93.616,221.67400048905637,104.3593845995832
mp-27954,CuN3,15.781,4.885,71.26772831215716,39.5238852199199
mp-915,YCd,56.99,28.662,75.02997405407378,31.705268083804917
mp-570018,Ce3Pb,47.518,28.668,36.799515523266905,29.088701940686686
mp-6950,BaSb3,27.116,16.98,50.495470503366406,27.931360578273054
mp-757031,Mg2TiO4,146.153,71.912,204.32940293799393,112.80259678801104
mp-7381,TbMg3,40.267,24.883,44.975256263655666,29.309189048273144
mp-978513,SmErMg2,40.708,21.424,31.18990313025882,15.675899965036713
mp-4252,SnPS3,16.223,11.956,72.36140880102856,43.13114954100377
mp-28174,Pd(SCl3)2,2.346,2.36,42.31424902580462,19.95664046209711
mp-1025165,Zr(VGa2)2,131.585,88.202,169.83799366183806,105.4969107885628
mp-27409,RbNiBr3,12.959,3.423,39.9131193709184,21.392568706341393
mp-23192,HgI2,3.392,2.493,30.638450276108617,10.435646784571162
mp-865652,TiMn2Si,207.779,105.768,153.69871578832036,91.54399363411063
mp-638,SrZn5,52.276,24.166,76.26283096889492,36.81104467691481
mp-31187,TiAlFe2,184.183,85.502,123.43760706007245,68.17567486431004
mp-976847,Ni3Sb,164.639,57.89,196.1597283587525,75.85763654038105
mp-1087,SrS,48.468,32.3,57.8344281438238,36.8900363770942
mp-1136,Na3As,22.238,13.902,38.24098940364071,23.49503701023211
mp-2490,GaP,76.335,51.463,88.33094938900369,66.96582678589999
mp-866062,HfSiRu2,228.517,106.888,278.2369815971493,129.63990196699086
mp-636368,Ga3Fe,102.587,66.476,126.43176645452496,67.97604496166169
mp-7132,DySe,44.941,4.976,49.031113921866336,32.53850014387958
mp-7991,BN,97.905,68.078,109.40837036895894,67.7226656132388
mp-631524,BTe2As,65.801,8.576,80.55943048921465,12.538312639460784
mp-3826,Ce(SiPd)2,124.834,56.202,151.0920436595506,66.9067214900631
mp-754434,Hf3N4,212.613,66.114,267.8556695582997,152.13058520877578
mp-865155,MgAlRh2,155.745,85.611,202.2450899580116,110.5611830661387
mp-4428,CaSiO3,76.748,39.815,172.30856515167463,105.17302924264764
mp-10212,ScGe2,80.354,56.949,100.36050163908503,71.65892319568144
mp-15297,Hf6NiSb2,131.265,72.06,155.88740105859893,67.1572897444248
mp-864796,EuCdHg2,37.559,11.896,64.95562548625186,25.428063232427707
mp-20206,ThIn3,65.84,31.631,86.80160949299064,40.95604169396755
mp-1079630,Ba2TaInO6,140.02,78.541,175.92826928107914,101.5376170206454
mp-1029312,RbVN2,39.935,39.756,125.73643106210488,51.8320400053288
mp-8456,SrAsPt,72.367,29.338,95.94866289851717,45.89038374987815
mp-567588,DyInRh,98.902,31.23,95.57801754555643,33.81892981672533
mp-4788,K(OsO3)2,129.08,80.552,173.66267537412742,79.07680220310702
mp-8307,CaNi4B,132.728,61.205,182.81076735391008,89.47852156788768
mp-752730,Ba2GeO4,64.347,31.103,126.6291133161205,66.11665608197026
mp-4571,CaZrO3,149.043,85.19,197.9816975703122,108.1965636716352
mp-23204,FeCl3,15.609,9.15,52.07061684716912,24.025777409539376
mp-862629,ScRh2Pb,139.016,187.799,169.69233807443575,54.90903006497021
mp-3706,Ho2Co12P7,201.47,106.337,239.14218892849715,138.60659949254855
mp-3061,TbNiC2,145.7,95.952,198.01374509922422,108.27259587709467
mp-865202,TmCdPt2,123.512,20.588,141.0315138324314,11.731814094263967
mp-1019055,ReN2,384.053,265.328,573.3836559244971,317.98260740189335
mp-778364,Na6Ti2O7,46.367,25.335,108.57424263865006,57.496125306724366
mp-866375,TiFe2Ge,210.464,127.259,154.21728159797294,96.67542493048097
mp-8062,SiC,212.682,187.246,249.11652278155074,208.1323759849868
mp-9587,TaMoN,306.124,172.722,386.0199205666675,187.1220359492414
mp-614603,CsI,8.224,4.02,18.422258979511895,5.087909799088939
mp-30227,Rb2WCl6,11.06,4.8870000000000005,44.66689179864935,21.09237663190929
mp-3951,Ti2CuS4,100.958,37.972,118.25589837018198,69.04751276558981
mp-865845,Yb2CuIr,69.855,33.64,96.9457221912304,36.77530870200958
mp-754483,Na3(CuO2)2,33.577,21.098,100.37416853527849,49.42120327134446
mp-1008285,Cr3Fe,239.14,60.631,110.64330802883345,-48.63616598465589
mp-16342,HoGe,80.872,54.586,78.54083839607235,54.68491393352145
mp-752426,Li3SbS4,38.534,25.974,79.78535348429547,50.05699649148445
mp-27743,BiF5,13.737,10.508,100.81018222712622,48.68060513338748
mp-21366,Yb(GeRu)2,113.282,47.997,175.82131026690584,87.87068193992289
mp-905,LaF3,102.112,39.391,135.63644021787474,56.31251081506175
mp-9953,HfP,147.126,83.603,179.7965141594976,130.97825651433607
mp-643273,NaH2Pd3,108.766,34.066,139.5728314845996,41.16265429093734
mp-972228,Zr3As2,125.408,62.953,158.33939640131797,93.47845021949483
mp-30819,LiAl2Pt,124.378,59.706,167.2306472298326,93.85866865497614
mp-7092,TiSi,145.819,99.581,197.75206733426472,131.4839255712294
mp-862703,Sc2AgAu,91.964,32.821,115.06592768197204,45.452043981527986
mp-978265,Mg2ZnPd,72.28,25.948,96.73198354432401,37.86338795282003
mp-10844,Te2Ir,111.463,53.591,152.10311664866254,92.10022814383767
mp-140,Ga,49.645,8.836,48.08186742816163,11.494756308068206
mp-31496,Li2Sn2Au,47.106,21.387,71.05118714943842,33.881564844941586
mp-13816,Cs2NaErF6,31.129,17.633,64.17091796908682,34.27575055789762
mp-972119,SrCaTl2,28.313,16.901,41.04011665686831,23.505302164197705
mp-4552,ErInCu2,88.491,42.728,107.30190712795319,50.99669306625869
mp-865278,NbAlOs2,260.723,129.33,299.75594655689736,164.2668239093777
mp-20265,LiIn2Pt,81.018,28.966,119.30773682338814,47.85472646192816
mp-690789,K3ReH6,25.075,8.757,51.34498322175438,27.31258723906654
mp-863673,LiPm2Rh,62.498,22.513,50.7819637764115,7.710753480836711
mp-20276,U2F9,78.546,42.193,157.223643912375,82.95349633014108
mp-570008,Sr3BiN,43.271,36.36,58.199327286976875,42.601007984468836
mp-755895,Ba3Zr2O7,119.003,67.526,159.11109548508458,89.08698583524246
mp-7918,HfGeS,126.583,82.007,154.71924398831882,108.8412901698066
mp-1025557,CoMoP2,212.426,119.819,230.96870190958987,149.28889419232112
mp-1400,HfW2,222.256,94.6,269.31218147970264,101.22099391867445
mp-13829,TlCu3S2,41.713,15.73,83.62392901559043,32.72242322062206
mp-865230,TmMgRh2,116.23,52.742,137.20733115325837,50.001816030912835
mp-27666,IrCl3,12.169,6.513,80.98670130657948,42.634819905379544
mp-8218,PrAlO3,197.512,136.42,245.79640068851037,151.70256756936087
mp-864599,TbSnAu2,88.449,16.179,105.64352888701526,23.526964069062483
mp-15783,KSmS2,40.489,25.094,49.45898654945158,28.691751399197774
mp-29476,Cu3SbSe3,51.967,17.901,86.68549065268543,38.196873086308074
mp-862601,RhI2,55.598,13.605,79.74941041351822,32.401548938666366
mp-1009733,Ca2Si,36.951,24.717,46.97416732748132,35.568243715609995
mp-1023128,CuS,104.037,40.689,146.29104635180968,54.10234970267143
mp-1008786,MgTe,46.024,30.655,57.37393407338186,42.85008811085634
mp-1787,NdMg3,38.838,26.322,36.40424642964709,31.500795169399456
mp-973689,Ho3Lu,44.373,30.304,37.70214856805591,30.672180704121327
mp-975972,PrLuMg2,41.51,23.46,38.212481107765925,19.808770010589466
mp-16745,ErAgPb,66.619,32.98,75.61429790154497,38.683924932391726
mp-863732,Pm2PtRh,96.963,33.757,97.97333881237512,12.173005123605162
mp-216,Sc2O3,167.269,79.706,202.7600957462209,105.53076917995644
mp-1501,Al3Pt5,199.949,63.445,244.80731174435192,85.68800625066811
mp-977117,NaTeO3,137.484,78.761,122.00164119571083,91.42477452416287
mp-50,Ta,194.527,64.83,226.95213035626256,55.420257037992954
mp-1023934,MoSe2,9.262,6.3629999999999995,51.56969905975195,33.849049326883474
mp-865000,HfScIr2,182.895,90.315,212.93932950126182,78.76105213963001
mp-12505,LuAgSn,74.223,39.843,105.14414825604045,58.38342373474374
mp-973024,La3Hf,40.645,21.816,40.84136114258398,24.713979960297348
mp-972099,YbMg3,28.79,11.895,38.672689620832315,27.290656455163028
mp-1471,Zr3Al,100.33,55.844,117.06267742766043,45.69376601786364
mp-16646,PrMgRh,72.105,27.733,74.83697875099887,26.715915819440735
mp-1002124,HfC,158.82,30.036,197.47880716342377,87.73113244236596
mp-6074,KRb2TiF6,34.699,22.332,59.576825725332064,21.42045083845138
mp-1017509,MgNiH2,90.601,54.062,109.30856511613256,72.90268464726616
mp-1077,B2Ru,283.343,170.538,377.33548561616004,234.3619972800644
mp-20147,ZrMnP,174.291,111.101,132.28546754988943,111.15894941920764
mp-861630,Tc3Ru,303.39,161.012,349.69033974920796,159.1907825740006
mp-13925,Cs2NaYF6,32.42,16.618,65.61232553890478,33.92595079967754
mp-973561,LiCe2Ru,65.477,6.7,60.73959056160647,21.401219810933295
mp-27243,K2PtBr4,10.721,5.618,28.847096064172568,16.428254092538257
mp-29207,SrMnBi2,32.353,18.785,50.88971390586969,26.51120005789121
mp-8484,ZnO2,138.631,62.222,192.98310362747642,95.3336459469987
mp-9884,KFeSe2,19.144,7.483,26.995272606492474,19.20732861727194
mp-865858,PaAu3,125.869,15.063,143.27276633977883,21.07025252071086
mp-866004,Er2InAg,65.736,30.299,65.25379901658503,23.886077122650622
mp-10463,YCo4B,173.919,65.313,170.36915703567837,78.73880440508157
mp-2658,AlFe,170.575,96.914,131.10111672216598,89.65931668829026
mp-21385,In3Ni2,105.586,55.446,128.55758170548216,63.73819660219317
mp-976968,NaPdO3,104.533,38.431,154.1825206287938,49.30367117439032
mp-7275,BaSi2,52.121,33.929,71.89041336576405,41.100579329980775
mp-1009770,RuN,260.463,51.935,301.7876247502817,78.33893219897908
mp-1014227,Ti2ZnN,147.64,95.909,215.53240621259283,124.96700523731431
mp-999450,NaSmSe2,35.686,21.517,50.29639697595869,27.43631312514175
mp-1018133,LiHPd,82.256,38.705,95.02411823917842,37.09139132619935
mp-7849,AlAsO4,23.997,18.753,141.88314663383434,63.79076184622034
mp-571506,TmAlSi,92.341,65.876,96.13862687453296,64.62119299618686
mp-4037,TmNiC2,170.384,100.038,196.57999550230352,112.93349982524877
mp-865240,Lu2MgIn,55.4,32.495,61.539690519721475,31.15435080002156
mp-861736,LiSbPd2,107.809,33.967,122.69184387708675,42.37636706233374
mp-754125,NdO2,126.323,315.883,145.46213521843407,26.693591567059627
mp-8635,Zr,89.974,29.84,107.91058505493353,21.414143579743577
mp-7374,Ba(CuO)2,56.503,21.409,103.85556425792814,41.33707131882696
mp-7554,LiMgSnAu,61.1,16.802,91.4446859845897,42.39325706592186
mp-550437,GdTe2ClO5,61.076,20.662,152.47275406161663,79.45130176367431
mp-13160,YZnGe,76.81,54.248,97.8101317863507,70.50242466936835
mp-11436,Er(VGa2)2,115.021,76.361,130.46887581210072,84.4771094258115
mp-4210,Sm2CuO4,142.528,60.204,172.5457119673969,81.0073477736491
mp-16263,CaZnGe,49.099,37.699,64.70506736099667,46.280269527737204
mp-4174,HoNiSb,92.38,57.242,101.94538636854787,64.7457988803889
mp-4175,ZnSnP2,64.548,39.275,68.44787355237563,49.244174570582786
mp-20900,Cu3Sb,90.479,25.292,131.47722118291375,47.95510414520243
mp-27760,PrSi2,80.53,27.008,85.61768731578988,66.17171620766479
mp-2142,Te2Os,130.119,88.304,177.1961254934918,122.38744816609604
mp-22044,Sm2Ge2Ru,88.624,44.545,89.06201648803149,48.211898552597
mp-989541,Rb2NaSbF6,33.711,17.354,55.72159670431145,29.04775922700063
mp-972442,SnBO3,225.06,73.067,317.8670751053453,25.14949251936987
mp-3223,ThB2Ru3,230.004,94.235,264.49073687329025,109.14937193669377
mp-867292,Ga2RuRh,199.112,92.754,232.01020005920662,117.14344876188007
mp-756094,LiFeS2,70.86,31.867,66.22408553229639,53.87159894596138
mp-867846,TaTiRe2,257.421,116.994,300.03341795882693,137.63814212597825
mp-867346,ThCdHg2,72.453,16.677,97.38121542823667,32.18629837535558
mp-8830,NaRhO2,109.969,59.556,169.60521311993702,92.45482793312401
mp-558781,ScTaO4,178.016,73.282,256.7997592089205,120.2858269765791
mp-553961,ScNbO4,166.644,60.602,240.6108009121357,107.22443210724572
mp-999540,MnSe,51.3,13.695,52.08872963177923,30.464894664495763
mp-2206,LuCo2,191.768,52.371,112.47376051464808,30.61343798012813
mp-865928,Ti2TcPt,201.234,72.828,236.67516965824205,98.30312825895038
mp-361,Cu2O,111.715,7.888,137.2673026791571,29.196562319903034
mp-1017531,VPt,236.927,116.114,266.61877802229947,119.39545000997097
mp-7576,CrSi,183.655,118.732,175.06328699844383,141.9786376826834
mp-19832,BaCoS2,55.064,31.713,53.95531847826562,38.171813152964155
mp-973353,SbPt3,178.413,26.833,209.5841454897522,-150.8676463310128
mp-1019551,BaNa2Mg(PO4)2,82.728,46.497,159.16658991666532,95.79849865427644
mp-999516,MnP,105.134,80.838,53.380170956673524,62.88919912232025
mp-20978,Ho3TlC,41.581,12.506,22.59859616466081,3.863685954624715
mp-21521,Cs2PbO3,35.148,13.531,64.15894274118571,29.49690314078544
mp-2444,GaRh,179.773,58.842,218.58846540384891,91.56966396263144
mp-13431,Dy2AlCo2,82.859,30.594,66.96193548029001,37.016968512780586
mp-1025524,Zr2TlC,115.186,77.68,165.21739403362477,97.76476403463194
mp-972899,Sc2GaIr,118.555,47.121,139.72849478344204,59.366747969969055
mp-30357,Sr3Ag2,21.352,9.351,30.947508964939843,16.0160398305588
mp-1025,ThAu2,107.422,37.338,131.64171082453393,41.31001392104178
mp-2516,YZn,60.055,30.473,70.56465115254844,39.79949023599588
mp-22882,YbBr2,15.965,11.345,33.23847967185392,18.68864452346673
mp-1023125,MgCuO2,126.208,71.609,183.92143741429538,100.25166681608317
mp-867191,Sm2TlCd,53.486,21.025,37.12234277310813,12.703774450791725
mp-974358,Ir3Ru,337.871,226.427,470.55193986377793,249.0980428786509
mp-10,As,79.731,32.38,110.48519281177376,43.575040966570825
mp-865091,HfMnRh2,175.043,62.602,206.6247750940655,79.96338033524549
mp-11232,YAl3,32.234,97.757,48.45792562814445,14.027584624958076
mp-27865,KMgCl3,31.053,15.706,43.54825750047749,24.33613810363159
mp-865471,VGaTc2,229.778,78.962,282.16793853367966,106.24371727475
mp-21433,TbTiGe,81.218,52.977,94.94132326655175,58.45919973390104
mp-29136,Sr6Cu3N5,63.615,27.585,89.26721355245824,43.79592474066892
mp-516,LuSb,63.1,36.872,81.75625426006394,51.30770513731659
mp-997031,MgCuO2,136.108,63.634,193.5951465837062,98.94949579614288
mp-2008,FeAs2,135.973,111.737,157.3374488810334,104.38833366594213
mp-866120,Tm2TlAg,66.273,29.296,57.470915997556816,23.144521541398035
mp-20787,FeB,280.84,142.25,261.8757276198236,214.7635722951401
mp-862861,Pa3Si,108.501,59.249,154.16401534970151,72.23620010252974
mp-978796,SmDyIn2,56.106,22.203,43.31975167373859,10.91804110853717
mp-32994,Hf4N3,225.032,97.549,317.86806557179443,163.43996311153708
mp-626785,KHO,30.922,17.006,59.47266654374035,29.68949708537072
mp-616458,Cs2CO3,22.432,8.493,54.727963191488044,33.46184616709981
mp-861665,LiTmIn2,38.577,18.108,50.69172119193732,26.087340519643355
mp-865100,NaInHg2,25.727,9.66,42.62733720846878,11.991768485459811
mp-5971,YBPt2,159.168,52.283,200.09793624340648,74.84050306879115
mp-562809,GdBi2BrO4,57.14,36.117,132.76806054874226,65.54071135786226
mp-558378,Pd3S,113.764,39.33,155.08162101491376,59.62647894482345
mp-862546,Sc2AlRu,110.743,39.474,136.8503511678167,59.59965268613861
mp-1025431,SmPt,97.548,32.196,95.18047842911203,28.24971872676199
mp-569523,Y2InNi2,77.414,40.912,99.1113629819304,41.39176763815465
mp-1025311,CdAsPt5,183.707,58.167,232.0886889047157,73.96834228011457
mp-977,LuIn3,54.557,25.507,73.03505501862803,31.140903424228323
mp-571035,OsCl4,5.865,3.473,71.67873568791155,40.26041205846538
mp-1029580,Sr4ZrN4,71.003,28.485,99.55999059941624,52.64335537913723
mp-972522,SmTmZn2,58.598,27.032,45.26371358502425,21.74540922759012
mp-978095,Pr2CdPb,50.071,18.011,43.675122760143374,8.75346577107408
mp-28896,CuBIr,195.576,67.035,275.5289791561307,106.94016930585936
mp-395,ZrAl3,102.705,84.766,115.63156888106082,75.56866803849374
mp-12061,Lu(FeB)2,187.743,76.06,181.1689361888824,118.01963703997755
mp-20174,Ni3Sn4,96.833,50.419,121.78474813922902,60.42373652322571
mp-4602,Tb2Ti2O7,205.081,21.568,196.51908218348706,98.49604548608102
mp-10824,ZnCu2GeSe4,55.144,26.528,73.19886852127843,33.81982077984582
mp-865067,Li2EuGe,34.651,23.508,58.116851495184875,50.22907407700354
mp-1009006,LiCdAs,46.662,3.251,72.53555971177735,29.479486354007037
mp-636212,GaFe2Co,157.963,15.311,196.67782431030753,41.718591390455536
mp-21321,MnSe2,66.359,30.223,58.40420718710993,37.30138434159888
mp-675464,CdIn2O4,132.026,41.566,158.85407657609395,72.46891167389559
mp-20261,Mn(GaSe2)2,32.669,19.199,61.50131588320808,31.675428621871863
mp-974063,HoScRu2,130.162,51.077,137.7280444018767,45.270676747310354
mp-1111,Mn5Si3,313.656,101.503,113.81068021466108,100.72509691224377
mp-768241,Dy2Ge2O7,125.554,48.501,165.83112245760913,85.12182544129222
mp-9056,ZrPdF6,7.646,11.439,92.49367004261555,34.85453595648259
mp-996983,AgAuO2,63.604,17.878,117.67067578293717,38.642276933674694
mp-5076,SrZrO3,143.03,87.474,190.41830668470465,105.27578784810501
mp-9166,MgCN2,96.751,31.757,155.43435234194243,91.69285314375212
mp-1299,SiPt2,206.108,65.451,232.78246460399035,78.57541569496418
mp-2675163,WN2,100.955,24.65,166.6855001371168,76.83784874129276
mp-2582,TiSi2,142.135,111.779,216.27822586348293,146.46961478323115
mp-542854,Mg9Si5,58.465,38.545,62.3205576162182,39.68095244806695
mp-2108,Ti5Si3,139.791,94.124,183.43392170307195,121.68355231447464
mp-7288,Sc2SO2,139.478,67.795,170.69825528915902,92.32206923968904
mp-7903,Cs2ZrF6,18.985,9.167,69.56240450278645,33.95827269664887
mp-10602,Sm3GaC,67.541,48.714,52.93534221125929,35.54198166158688
mp-29633,LiGePd2,121.813,37.662,149.9693986870634,59.49318839785194
mp-4316,Sr(NiAs)2,45.823,28.001,99.97027255652797,36.4792208828559
mp-18707,Mg3Pt,69.596,23.933,93.64416157599503,46.95994157806517
mp-912,LaPt2,143.888,60.396,181.19296619223476,60.6145928638315
mp-11714,SiC,213.331,188.708,260.4232429149251,233.40971986327804
mp-21907,NbSiAs,151.91,96.024,217.99473145587257,128.09957102363654
mp-6092,TbNi2B2C,174.217,71.075,216.421224690788,114.22818192681534
mp-3415,Yb(SiRu)2,133.202,67.203,192.03228295136978,96.21823666768866
mp-21040,Zr2Fe3Ge,158.937,87.954,165.63143945016634,80.9789757456636
mp-9548,GeAs,20.046,15.662,66.7328643072816,51.05867291697709
mp-30494,ScCd3,61.151,29.259,88.26875773959004,37.294812458916034
mp-30595,CuSnRh2,177.039,63.304,230.5778859668634,82.07347462005352
mp-10528,Ho2AlSi2,88.264,54.353,85.86396808283689,63.209595472293906
mp-1205307,WSCl4,0.936,0.749,68.02800087405171,32.947898096720536
mp-15397,Ti7Al2O15,196.424,85.772,244.91891990969046,124.52717131470479
mp-1078526,GaPd,141.771,9.952,183.4753313915002,72.00560318386785
mp-995147,PbBrCl,33.6,0.906,48.766981911744075,17.120265107452205
mp-11515,NbRh,219.994,56.006,270.1226181033471,85.73034903077551
mp-12546,TiCu3,141.202,51.729,196.7225153945906,74.82888053307516
mp-1641,CrSb,73.845,48.058,87.37577650580336,50.789472950473844
mp-4406,CaSO4,64.243,31.298,178.05043205142564,95.6977848293276
mp-1016874,SiHgO3,221.487,68.309,316.7795416074793,123.49743164395186
mp-571520,Si,79.59,60.71,79.32936595447877,78.20451414306892
mp-23684,NaHCO2,25.163,12.017,75.13706781113876,46.256360029275505
mp-972238,Ti2VIr,179.691,84.534,211.0498423416282,93.23389186598698
mp-1025213,InPPt5,203.239,57.276,242.52499952026594,76.68380787485499
mp-559264,Bi2PdO4,36.71,24.815,171.07408819871156,72.85038285145828
mp-1029791,MgSnN2,119.793,61.364,163.3997638831885,106.79954571789654
mp-972808,SiO2,25.788,36.205,166.2884365556327,105.96991854336262
mp-1007855,FeNi3,193.048,95.457,230.51872416967439,84.4754005225411
mp-71,Yb,15.868,10.038,20.504357604012615,14.950623362492506
mp-867744,LiTi3O4,193.852,81.153,248.5211786193517,158.71914499917196
mp-99,Er,44.76,31.02,30.404333880156205,18.30656739276584
mp-6772,CaBe2(PO4)2,84.663,51.832,205.0918185406876,123.93379699095647
mp-753195,Li2WS4,6.489,4.129,59.77372250623383,29.660726154532206
mp-22993,AgClO4,26.665,9.049,126.50695753825721,67.35885237616473
mp-11560,TiSiRu,203.131,103.155,254.76204872120584,121.70679041714101
mp-31160,CaZnSn,46.54,37.248,60.85017935473494,46.774466199778885
mp-927,CuP2,87.682,51.586,116.75753839542803,67.17305359081008
mp-1259,YbAl3,59.791,53.601,89.06898104622005,63.8578776621967
mp-21879,Ba2CePtO6,137.231,62.307,156.03616130074602,77.14410971358274
mp-4954,La(SiPd)2,120.576,54.617,143.29349947524054,61.14801730387977
mp-34023,Ba2NbO,24.277,53.855,28.814735429756215,16.0240586845538
mp-540924,NbTeI3,5.474,0.547,54.51578715616003,31.076702965447307
mp-865884,LuInRh2,138.075,43.403,177.8632979299367,70.2026695750852
mp-1025172,Ho(TiGa2)2,96.685,60.465,111.34510516299112,73.5776374169974
mp-984767,DyHoIn2,57.572,21.948,49.109471818468876,14.307718312081892
mp-570786,KNa2,5.733,1.421,5.737450271026511,3.915539850598733
mp-861889,Sc3Tc,89.781,30.851,103.77300884438458,32.87089453765497
mp-496,SrSi2,58.246,29.769,75.84918726817072,42.598349061568086
mp-867127,ScCdAg2,80.644,26.055,123.20111088264085,38.012959098855426
mp-977200,Na3C,22.193,4.584,25.55111254128087,18.022395684704037
mp-2034,W2C,334.971,167.632,395.9068531400048,218.57531206358652
mp-9907,SrAs3,37.824,22.866,67.11596087094024,37.90432215390743
mp-16053,CuSiO3,31.454,19.986,155.24686371085969,82.13706124433841
mp-2930,Mn3ZnC,192.524,65.249,128.8424885089498,86.3334666191518
mp-5549,MgSnAu,65.619,28.043,91.26971965252052,44.96488816475799
mp-15988,Li2CuSb,52.716,33.809,66.6130776447707,50.0243172105998
mp-2713,ErIr,140.411,56.862,143.43866667256842,34.34390809531139
mp-983584,Al3Tl,49.964,10.322,57.489437839360434,15.377752575360876
mp-998988,Ti3Ga,109.768,29.881,147.05440808065944,60.828703063995846
mp-867117,Sc2CuPt,112.788,44.091,138.14309978975766,56.18627154493845
mp-30585,HoCu5,116.726,53.682,134.2882833779154,53.24811221671974
mp-754823,ErTlO2,87.263,36.283,121.95062428046658,60.947106642531104
mp-643409,Ba4Y(CuO3)3,103.322,50.961,128.61764404964345,70.48192357642228
mp-2349,YCd3,55.533,25.172,79.63836435016356,33.51336149201811
mp-999318,NiBi,88.03,36.741,116.74784155525097,56.69112458005415
mp-1014,ZrMn2,157.977,43.71,67.77792851266,58.8795903215334
mp-22522,ZrCuSi,145.249,85.05,188.90953837337054,105.70937606301747
mp-1017507,TmAu,86.722,18.132,90.0734628690018,32.90112553591176
mp-23260,BaI2,16.076,5.955,27.739788518416276,14.07831258810864
mp-865558,AcTe3,47.939,20.884,54.79360380594845,15.969811856650296
mp-999460,NaScS2,51.116,31.329,75.54585330451883,46.13007082399637
mp-20499,Sc2FeS4,71.369,31.493,90.23061767289556,51.54662619485775
mp-672340,LiIn2Ru,95.132,41.998,116.93759155467781,44.21801471321912
mp-569220,ErRu2,173.521,48.395,201.5616103527158,46.49669539303587
mp-5505,U2TeN2,85.916,52.251,154.26851889297254,78.86379288579543
mp-3606,MnSiN2,184.321,91.55,208.77132084997245,137.99476131247525
mp-973088,MgInAg2,68.284,19.238,101.34002698231554,28.683736571014766
mp-4809,Ga2HgS4,35.968,22.015,73.75841510776705,35.89469279970131
mp-23209,SrCl2,33.615,14.668,40.089469895003816,21.198496787344133
mp-1132,CdO,127.369,44.447,165.2544710892277,62.66373219237963
mp-7474,Cu2As,110.379,26.428,144.2533107497436,50.31775527591805
mp-11023,ScAuO2,134.634,43.218,168.26048218521544,84.92149450823042
mp-12120,FeN,293.289,175.639,225.68498470470522,166.25077949336384
mp-755552,LiYS2,69.089,43.12,82.00807535596408,48.447222895054175
mp-1017629,MgNiH3,109.663,26.812,132.64129904187743,93.43728860452184
mp-1956,TmGa2,76.021,50.722,87.39062174203035,50.87220818453279
mp-9330,CdPS3,11.099,6.8469999999999995,78.02429787429344,40.41551495196254
mp-867202,Sr,11.444,6.8870000000000005,11.483623745581662,9.679333232778104
mp-22687,BaIn4,33.333,16.521,51.166195544003855,26.612382755239047
mp-20716,PbSeO3,35.364,7.251,114.49314644075601,59.01407279676764
mp-7897,K3P,13.975,6.039,19.99452681614436,11.23748987865388
mp-1722,Zn13Fe,83.349,42.179,118.91923150840364,53.4006041008119
mp-1008282,Cr3Fe,227.443,93.238,136.02522992326365,103.93531424581404
mp-35388,LiSmSe2,43.726,27.524,61.57754817124618,35.7841867283701
mp-642822,CaC2,58.929,20.203,91.36863050925794,50.42123732895234
mp-1509,Sn2S3,16.845,11.679,75.98630572741075,37.98811318121673
mp-975793,PrTmTl2,51.881,16.163,49.18964265354712,13.445469424851902
mp-29661,Si5Pt6,180.761,70.297,226.74149792786105,97.25250981817234
mp-203,NiTe,114.446,31.57,117.32424098349918,46.20496004824675
mp-1105780,Bi2O3,33.361,27.707,139.33780143732469,65.08780343033123
mp-864952,Mg3Ag,47.879,33.169,65.24239588422914,34.06275484874289
mp-504935,K2PbO3,38.231,19.096,74.19922831007185,38.967232123613336
mp-74,Rh,252.9,150.16,329.1960258719681,140.95671060163582
mp-19717,TePb,38.461,24.006,48.019149849111635,24.31748491623579
mp-10060,DyBPd3,143.573,17.014,144.61099771534575,28.7896730619504
mp-867507,TaGaFe2,222.56,126.478,213.60694331371647,126.97015475049412
mp-865097,NaHgPd2,80.025,24.87,111.82180200337064,26.0501809433823
mp-20905,OsS2,193.971,139.154,249.78153151961791,176.803081334004
mp-1539,ZrTe,94.136,55.771,117.66928124329692,82.32187181086645
mp-4595,VFe2Si,243.627,2.215,254.91510170711967,151.1731003355561
mp-2348,Zr2Au,119.202,46.202,145.44438617113641,45.342014063375025
mp-1002206,SiC,252.718,221.298,311.96724935430507,285.4601552992188
mp-997084,RbAgO2,40.617,18.339,64.7349702976784,36.77319132356459
mp-861600,Ho2ZnIn,60.928,31.772,47.46056467539545,23.111667285325563
mp-1184,La2C3,106.014,11.549,131.16348940189488,67.30034928657425
mp-29175,Ca2AuN,59.67,26.965,83.7930990962548,44.57028432887152
mp-960,B2Mo,303.426,158.777,360.5796671808597,217.35042215819269
mp-982664,K3In,6.456,3.082,10.224507497140698,3.7750610897738373
mp-4826,CaCuO2,120.874,63.044,149.26363664740293,79.18362426423553
mp-1007,DySb,60.478,34.856,71.77980759274361,34.90440173469713
mp-977399,LiMgPd2,84.673,40.498,111.53786056878012,43.08502887982123
mp-3148,Dy(SiPt)2,145.085,12.014,173.09380555698897,65.7381191016455
mp-1775,SnAu,72.865,20.977,93.05932868458568,32.50838289667919
mp-989635,CaMoN3,106.478,46.526,188.02622324681766,80.00679192154932
mp-864789,Yb2SnHg,39.222,30.672,59.53364090771348,31.452737928051075
mp-541627,K3Fe(CN)6,18.725,8.879,91.44612647877672,40.784916669210226
mp-754040,CeSmO2,141.282,73.418,127.87724106484151,57.216407807207524
mp-21888,Tm3SnC,40.815,8.526,19.946278691739366,-6.238236083698257
mp-1388,DyRh2,154.129,61.485,176.82240654030502,58.31400425070453
mp-11358,TaCo3,242.198,141.455,277.4246064777281,134.6957382610951
mp-16496,Al(CuRe)2,210.864,90.488,284.61649816859614,90.1531154613945
mp-861479,PrYMg2,39.202,22.951,36.81078390360666,19.445303028198154
mp-875,AlOs,236.689,124.889,283.15803129854703,160.13641720864973
mp-867788,TaGaOs2,268.88,122.335,318.7538694135895,159.7874068144661
mp-2388,CdTe,46.602,19.072,64.19643461990302,31.13882580903201
mp-9814,Cu3SbSe4,60.879,20.692,73.87276833767044,28.4300913208187
mp-19971,ZnCo2Ge,179.248,26.3,211.31437553508817,116.18225869279671
mp-2050,HoSb,61.329,35.415,70.49209146591498,38.61620442951237
mp-1029784,Rb2CN2,25.925,11.927,58.081320977687454,29.267384600023995
mp-989530,SrTcN3,100.89,42.097,168.1278206165176,75.23127849785719
mp-978527,SmDyTl2,54.144,16.825,45.9043410243759,13.401436868827552
mp-1275,SiMo3,251.363,129.281,271.35741586743956,156.11763476210328
mp-862830,PaTlAu2,99.51,24.885,117.1427372139541,29.433814904674918
mp-11520,YNiSb,88.707,55.328,118.72071207731653,73.59343836329657
mp-3804,Sr(PRu)2,87.317,50.755,149.9198694246284,76.84308501187111
mp-3486,KSnSb,19.885,13.626,37.15474032717907,23.79408762235882
mp-862871,PbCl2,29.472,8.309,36.60252986123484,9.968704649415505
mp-976598,LiHf2Ir,142.948,57.973,170.2116722377904,66.26417857812623
mp-20549,CaPb3,38.108,18.658,48.87561090440015,15.41179907170591
mp-753495,Sb3O7F,169.58,105.424,221.76434862282792,126.99075899458347
mp-583266,MgZn,54.259,16.418,74.92358101515966,42.549387603332704
mp-1007824,GaN,50.017,22.424,77.36992131692729,36.76136475064033
mp-977439,Ce2ZnPb,35.63,16.368,52.414350177850686,9.932711205780672
mp-832,HoPd,94.522,35.725,79.71333475065462,21.201348366675017
mp-1100,YbC2,64.179,8.69,124.10530435449432,70.50575795649554
mp-22973,NaMnBi,23.646,13.384,37.87133200791632,24.580764920686914
mp-505804,Ti2CuSb3,90.931,51.886,119.78870263693642,64.2039466013625
mp-1016442,SrMg6Ga,29.542,19.932,38.8402200278606,23.029846160070488
mp-862986,PmBr3,3.842,1.7469999999999999,26.74736182425465,13.361656837047752
mp-862720,Sr2CdIn,26.36,15.966,32.74936174538369,20.91450409812844
mp-8623,K2Te2Pt,22.506,10.459,42.6891199251936,18.899403382828975
mp-16341,Li2HgGe,41.262,4.176,63.895983434538074,25.55699908734291
mp-1008490,BiI3,34.173,1.423,46.91952167633891,2.011376489961075
mp-505599,VNiSb,142.304,47.873,121.30045579712034,80.01187501956974
mp-9060,RbPdF3,67.565,22.825,68.06848778548192,31.06570984491988
mp-753260,LaAgO2,90.615,23.117,107.68173272855584,43.216701680000924
mp-10178,LiMgP,55.743,22.303,72.01570638106885,47.34570390529802
mp-866192,Li2YbSn,34.107,29.306,58.02855478680793,50.123446887391964
mp-976793,LiEr2Ga,54.254,36.081,50.296555165733686,25.949237433268866
mp-7926,TaSe2,22.817,13.913,116.20857030492434,73.46637061085794
mp-29520,LiAuI4,6.138,3.8,37.71617740301508,14.724390340310407
mp-5841,RbCuC2,16.425,14.044,43.01002714840636,21.828110027278377
mp-10398,HoNi4B,150.211,79.36,205.09887641387976,97.81686216929221
mp-2347,NiAs,116.72,18.447,124.23248073849916,18.682563260747663
mp-1018053,InCu,68.624,19.561,102.86391989159762,37.674780008031846
mp-3721,SrHfO3,154.085,98.02,200.50254227309497,115.12740716142534
mp-1540,HoTl,55.065,19.277,51.78685077873545,16.599031233587528
mp-30365,BeAu,148.197,42.582,185.92415094200132,65.51796161922451
mp-973141,ScCdCu2,90.97,37.258,133.73168701245,53.38038609910754
mp-984627,Dy2ZnHg,63.653,27.597,58.918654822559255,20.07850672412423
mp-865038,HfTaTc2,222.224,99.455,263.7649826044799,107.9040211381627
mp-27984,PrClO,72.722,33.187,108.67824437030568,46.11105783250078
mp-12072,UAu2,111.096,48.418,112.42892603621326,41.86450871440689
mp-1601,TaRu,253.312,75.517,261.5606277804446,73.19635930135793
mp-981365,V2ReRu,268.222,126.088,276.4306385836778,134.15598097929077
mp-23,Ni,173.808,91.592,239.6772066636431,100.17065293051857
mp-1078278,CrB4,274.936,261.781,342.59714279750204,298.01724543683565
mp-569708,TiPt3,234.145,105.465,277.5491727491643,116.41505271803246
mp-9318,KZrCuSe3,30.478,18.801,77.7757289195927,44.39353125866715
mp-5749,Cr2FeSe4,52.11,33.226,78.71723189205201,45.082732435019395
mp-2879,SrSnO3,137.515,74.953,171.44091085264546,101.15391805009969
mp-6613,Ba2YTaO6,137.826,79.834,173.33654649011686,95.53252513653361
mp-30053,NaCN,18.145,11.602,58.171266631222956,33.47137221086937
mp-30835,TaPd2,205.117,73.846,267.23662262749116,92.66833393442354
mp-1025229,TiGa5Co,108.798,50.857,124.18666769300097,68.46091476595787
mp-8354,LaF3,109.184,26.885,138.04597293637724,54.19652812083828
mp-143,Tm,45.516,31.32,25.421239010634572,21.790052888046816
mp-3055,NdB2Rh3,199.655,90.324,228.05550851448174,110.29782162965863
mp-13070,Sc2AlC,86.185,56.9,114.57751720432208,76.30241517352538
mp-979459,Sm5Mg,35.469,16.772,20.627321216568973,13.002334289067088
mp-559044,CuCSN,47.668,19.3,86.63496905140624,48.465741345905954
mp-862705,AlZnIr2,220.942,108.285,275.17296606670953,152.5658116252342
mp-1432,Be2B,144.862,92.441,173.7479781702933,161.60917263851226
mp-865757,YbGaRh2,130.602,55.665,170.56889849925733,64.8027142542507
mp-1017985,TiAg,102.455,28.597,140.58214264629453,47.83839343531913
mp-27689,PH4Br,14.902,8.571,43.17891914889285,30.619228052430753
mp-1017377,Mg6SiB,46.07,21.502,62.181059233521594,37.93282887900904
mp-568789,TiSe,112.457,75.306,106.74119277972657,86.94192452675799
mp-558392,Bi2Ir2O7,202.159,15.516,206.94332430484766,99.03057116681143
mp-546621,ErBi2BrO4,69.714,36.579,134.210071585076,68.00764856814706
mp-20237,CoNiSn,160.052,49.515,159.09976538360343,70.64545782300625
mp-8470,NaPrO2,84.293,42.149,110.84553114772318,59.93741531443842
mp-1191390,TmAlB4,181.007,153.686,213.73392062812297,176.66186586290192
mp-974527,NdSmZn2,53.007,28.981,37.65086189129684,15.932594528032311
mp-22756,K2PbO3,39.098,17.293,75.22002232676184,38.80341631554351
mp-10965,DyAgSb2,67.671,36.442,75.16294838397879,39.28878288958489
mp-567389,Li2ZnGe,42.925,25.919,67.29029200658195,43.952990235161906
mp-571271,TmPt2,169.621,75.074,202.24539879802956,73.34711263190627
mp-971958,Tm3P,60.974,21.319,52.53448144397488,24.95852618803926
mp-867762,DyMgAu2,84.578,20.809,92.32050110053315,34.05913354802162
mp-977011,H3PbCI3NF3,9.507,5.147,56.720608499751144,34.65167466756124
mp-1019054,ReC2,348.768,194.625,408.291789516058,220.8840885590889
mp-12070,CuAs,106.034,24.932,137.8829833703944,61.399414968788065
mp-4157,Sr(NO3)2,31.616,13.799,149.290318377844,80.58259027190749
mp-13108,SrHfO3,156.926,91.657,201.42488006491368,111.92639505849591
mp-30351,MgAg3,77.693,17.218,102.90510356041074,30.081679418652442
mp-865195,TmGaRh2,147.294,55.923,170.8910528939483,54.68957416422506
mp-2297,NdC2,101.733,37.086,121.24949320985594,63.34388809292594
mp-31018,SrAgBi,35.76,20.895,47.37232806574918,29.67057582034892
mp-5090,Ti2FeSe4,57.172,41.074,85.06615450971171,52.864684661272044
mp-979934,YErHg2,63.799,28.694,74.22382405681162,25.504763475728637
mp-567412,Y5Sn3,62.369,45.075,66.12202372069041,48.67200613797243
mp-975321,LiSi3,40.544,1.5819999999999999,73.33481658870284,20.111718971696323
mp-510076,Rb7Au5O2,14.598,7.755,27.61822682221908,14.746779765799587
mp-1975,TmN,172.542,137.49,185.06262688302917,126.11657928034867
mp-1025370,InSiPt5,198.864,66.434,241.10927301933427,79.62691658447865
mp-2449,NbRh3,248.556,148.259,314.52936034665316,150.57177126056826
mp-1018714,HfGaCu,125.165,70.481,162.92235713617046,89.46098648747778
mp-1019259,SrSnHg,36.162,21.448,53.134720044138966,31.37362966135535
mp-22901,KI,12.418,5.209,17.52853062888372,9.347515086461527
mp-30981,Te(HO)6,26.626,18.976,137.55783541711347,97.96085290517988
mp-10039,Pr3AlC,61.702,40.798,51.75559692327124,29.70379136127053
mp-1078,CaCd2,39.906,23.145,61.311168064500166,26.679488773860495
mp-30564,ThCo,101.93,22.233,118.12877466772413,33.64858282181689
mp-437,MgAu,81.405,25.035,108.11811108688757,38.04740113994614
mp-11286,CaHg,36.327,19.466,49.725817594297745,23.09967384684679
mp-8039,AlF3,124.366,76.51,147.990104671545,89.97404814112349
mp-865191,FeGeRu2,223.605,101.794,284.04203572764834,126.2201993890601
mp-978083,Pr2ZnAg,52.345,20.487,48.47358597893131,12.28840241178766
mp-982869,PmYAl2,60.622,35.164,63.66851895320809,25.109712681443355
mp-972828,Cu3Si,136.43,53.369,193.76706998797957,65.60291921091209
mp-10161,KZnSb,24.144,15.515,35.683172201718726,23.38188526189688
mp-1332,Si3Mo5,240.773,121.292,263.57895516645544,129.3448660941291
mp-1046056,Ba2TlBi2O7,27.729,8.573,99.82805035369348,49.82206502013539
mp-2644,CoSb,148.223,69.404,145.53321634734482,84.85155377708057
mp-977542,LiTbTl2,42.072,17.115,48.60029725983071,22.444367598849023
mp-754326,NaAgO2,58.425,26.511,98.8266861753978,50.86479948436015
mp-973316,NaLi3,11.571,5.99,13.357582082884155,8.20507079690872
mp-8883,GaAs,60.75,41.228,79.26940762702642,64.6579485929724
mp-17332,Sc5Ga3,70.414,68.245,79.83548248203363,50.600132803559305
mp-1025350,Nb2CoS4,22.211,63.614,138.8699681039807,59.31953302286413
mp-20999,La3InN,65.083,41.796,67.48498356745773,39.109516262704176
mp-865523,TiMnRh2,183.807,75.228,225.02585145337733,81.2831556391067
mp-8697,ScBO3,158.788,71.217,212.5667348536089,120.2365431290423
mp-4510,DyNiSb,90.475,56.439,98.08992418023674,62.34054772672813
mp-546973,SrSnO3,142.602,88.097,176.02657501211516,104.34388021182559
mp-19816,Sm2In,48.746,20.676,33.120627416278595,18.972222746820037
mp-560358,Zr2P2O9,85.09,47.769,218.3672031307703,108.40340854863997
mp-350,Zr5Te4,68.334,35.885,114.69887256637686,61.38145955422991
mp-1002210,EuS,79.757,18.648,61.419422029877026,30.82138589845836
mp-4815,Pr(SiRh)2,137.912,83.789,170.57280924883386,85.27405627576205
mp-16526,AlPt2,203.954,60.327,252.93918676576703,83.76846769403147
mp-865355,Zn3Pt,137.109,52.461,170.6154813788151,54.882859588795874
mp-980760,SmNiGe2,99.958,44.624,106.43402171197948,59.9411749851881
mp-865731,Li2HgPd,52.245,13.98,88.80062318485761,28.21424941270428
mp-985439,BaPAu,57.169,33.396,76.37095767960845,41.049771641582126
mp-864620,CaSmCd2,42.683,22.585,38.31586573386998,18.86113057759356
mp-1804,Fe3N,253.773,180.178,178.5052217557482,81.24528080178932
mp-1025349,Sr2ZrO4,117.107,66.772,154.300675877756,85.34087562053794
mp-13263,Ce2Mo2C3,136.107,81.553,210.18065100591681,104.24502535313637
mp-20012,InSb,36.737,19.944,49.12675140121136,29.774128188892035
mp-570677,Ba5Al5Sn,29.211,18.994,38.99478614448131,26.5268557700362
mp-10446,Sc6NiTe2,71.461,15.21,86.45714245360976,45.28737543625652
mp-29647,SmSb2,58.083,28.693,56.983469799959394,30.217165301589713
mp-862473,Sc2AgRu,111.847,37.977,134.3405183057959,50.321985550734624
mp-22996,SbSeI,7.09,5.167,49.02775526184255,28.544289064403486
mp-974415,Re3Pb,244.499,26.112,289.0591177801604,74.25743318690111
mp-1002230,PuBi,33.229,0.486,61.03634453759425,-27.98588359565305
mp-22769,TiCoGe,168.613,76.495,205.99629451847557,120.58463058240426
mp-11957,CaSn2Ir,75.338,38.941,100.64586534043542,42.87355000483969
mp-978964,Th3Mg,52.8,28.975,53.83959118407946,28.642746599458842
mp-1008928,EuSe,38.732,15.025,49.50869569466573,27.13288942370596
mp-21188,CeNi,71.273,15.258,72.6355269208828,9.82232675282367
mp-30371,Cd5Au3,73.514,11.916,110.59199911446015,29.359044250273943
mp-22908,BiCl3,4.002,3.6950000000000003,66.37086685352928,28.0557085229905
mp-760432,Cu2O3,95.16,44.243,205.7368030899357,92.76173229489207
mp-22752,FeSn2,80.683,60.881,98.61012652150261,54.08106136022284
mp-979962,AcYbCd2,36.361,18.723,50.10142764018411,25.59718202776901
mp-1476,ScS,99.417,53.382,132.5050906667133,74.20088693167175
mp-31510,NbCuTe2,65.953,37.452,105.60977096608102,62.5444721719195
mp-754567,NaCdO2,69.553,28.076,107.68139643340248,41.020268923013546
mp-864915,HfBr3,5.026,2.429,52.66437078779535,28.970587577421735
mp-470,GeO2,202.915,130.151,264.2626456259832,154.83146483545798
mp-1025323,Dy2Cr2C3,160.099,68.541,179.67349873949777,92.70189024506556
mp-2022604,Ag2Se,25.252,12.062,84.41319004651211,25.90873378009011
mp-1018709,Hf2GaSb3,93.197,62.432,113.27582511007193,71.47017332345642
mp-975801,PrTlAg2,61.809,18.365,75.81204228454631,21.6656636825083
mp-867920,K2Rh2O5,84.38,47.77,132.92554860126694,67.2423741221939
mp-4998,Sr2IrO4,128.645,47.185,161.5969417615953,77.66400713455698
mp-5723,ZrAlNi,130.593,73.136,159.49531488431887,64.91677015944035
mp-450,NbB2,286.562,201.475,366.01951966518726,281.2429139420057
mp-4962,CoSbS,113.942,77.053,137.00592188064886,88.89007343896267
mp-20796,InPt3C,196.047,7.245,190.4922717222098,-6.670591482367275
mp-13277,BaLiP,39.363,29.534,50.050076796059045,32.87583211447761
mp-3536,MgAl2O4,182.861,98.235,249.93527193932894,157.9377508885083
mp-22568,V3Ga,168.668,52.731,204.32321150758014,97.27309731789434
mp-962077,TiAuCl,68.261,5.193,55.69417395651269,14.71967417161367
mp-3346,HoZrSb,80.205,39.455,84.37518799910255,47.8434156386076
mp-505824,Cs2PdC2,27.319,12.019,41.59705145766778,15.95381379725598
mp-23933,AlH3,27.922,35.304,88.23827279519168,66.62074468084447
mp-1773,ReB2,337.733,276.94,407.9430823850648,310.7567479668251
mp-559976,Ta2CS2,34.146,23.124,217.03834942861815,135.75409660577895
mp-7472,RbAuO2,28.089,12.606,53.723113186995356,32.22009865147084
mp-10931,HoSF,110.246,56.989,126.14420374384241,61.44269088158579
mp-22707,EuAgSb,40.661,27.11,62.465808607964476,36.102788987686
mp-865320,Lu2PdRu,115.779,46.14,128.89988163670125,46.62862979430723
mp-862815,LiScAu2,82.368,15.743,106.10338283829556,35.4090319242516
mp-569671,ZrSb,104.291,59.306,121.34207184259076,63.29261128295175
mp-5821,TaAgS3,82.882,36.596,129.0370689712436,64.56436349452973
mp-1400172,SbO2,68.54,37.802,133.63270233565413,72.10774351914097
mp-38605,Sn(BiTe2)2,16.764,13.418,48.63851207928975,22.444859991379687
mp-861974,PaCdPt2,145.981,32.81,169.267261737342,34.08743253866823
mp-864898,Na2TlBi,22.587,16.745,35.23824440591406,18.56761762986144
mp-20070,GdTiGe,73.046,43.448,102.18163256293371,58.8019655695169
mp-2781,ScPd,110.671,32.904,121.01495742291432,39.18500479658987
mp-22412,Ba(MnGe)2,50.054,34.428,52.986786743813674,35.473874511264356
mp-4561,UAl3Pd2,116.197,63.137,137.233051247819,65.95557324954017
mp-408,Mg2Ge,49.429,42.782,69.79844935297666,53.675703407243546
mp-23507,InSn2Br5,11.176,6.001,38.32688729134438,16.93803586335971
mp-9172,Li4TiO4,79.937,43.617,152.148458735577,78.12112581042275
mp-10750,Dy,41.225,26.058,37.20059834687596,14.404130792420627
mp-1185209,Li2ZnSi,52.049,42.979,70.19054757398318,55.51427904111915
mp-1029595,Na3OsN2,41.387,20.467,97.13813940711337,44.60845550688479
mp-972845,SiMo,199.027,101.53,220.9389355319198,128.63931958632767
mp-755544,YTlO2,83.732,34.596,119.01995929866524,61.02899010367721
mp-975834,MoRu3,295.76,165.564,345.22555535536605,177.3713904272108
mp-22262,CoMoP,244.767,123.348,293.40346620458195,143.14571895294856
mp-1018148,ScAu2,117.569,46.472,161.33748844337302,55.055938045445636
mp-17702,Yb2SiO5,81.431,30.023,199.96716689638922,112.26163538217769
mp-5046,BeSO4,37.858,34.279,184.67785505964903,104.04391411164195
mp-34903,MgGeP2,63.914,32.097,71.36400886776427,41.73713229857675
mp-867123,TaTiOs2,267.946,94.516,291.3132645273755,158.9610399814544
mp-5605,Ce(SiAg)2,90.121,51.335,115.50854159342593,59.58707169950978
mp-3281,Al5BO9,159.267,78.213,215.49521362954442,131.93697832392277
mp-5729,YAgSn,71.171,41.828,96.28924826626654,55.08807307525616
mp-866081,MgSc2Os,105.142,25.439,127.42647876179338,53.28825996937787
mp-29658,ZrNiH3,166.689,69.397,181.22798673809288,98.56894566720023
mp-10739,TiPRu,219.7,102.358,261.81427716338413,107.1866590071689
mp-1424898,YBiO3,113.052,19.427,114.33977976639424,33.2036632272802
mp-1018689,ErZnIn,65.841,40.822,76.78929707141766,48.188018342748954
mp-1240,HoS,99.911,42.662,78.91644456280584,50.446981113774285
mp-2078,TiCu,127.744,62.551,190.52529939200244,68.15625590520679
mp-4652,MnRh2Pb,151.048,28.127,190.78968044608771,60.91936381835697
mp-2725,TbIr2,196.495,86.675,213.8629403538795,70.79072046305838
mp-985283,Ag3Ge,82.772,10.842,117.41735053101057,18.02140727533425
mp-4227,BaVS3,46.423,2.098,82.52555918787485,46.1063844353358
mp-102,Co,200.587,120.256,255.19332660784696,81.0556179321337
mp-570568,W2NCl8,4.479,2.06,59.34236767645163,29.19108216960708
mp-2626703,BaCO3,50.172,19.045,106.45387835861439,50.48695597886692
mp-864631,LiNbRh2,175.191,56.338,209.81549315158398,65.91218055589235
mp-21318,PtPb2,74.915,19.891,101.09185811824825,24.667587524545667
mp-567406,SmZn5,76.323,41.622,88.5640527420486,44.97716820593223
mp-910,NbC,296.238,180.981,375.7111574018407,204.52040628758397
mp-1705,Sb2O5,125.537,75.478,228.77551279055567,138.22568879688558
mp-10261,TiNi2Sb,137.552,27.593,159.2700847483152,41.93104835812425
mp-720,TlF,6.828,4.15,56.431197476914036,15.53815270185757
mp-10086,YSF,104.335,54.195,131.66676167522203,66.48775246556212
mp-13436,PrMgNi4,113.482,48.482,131.03213944603263,56.63016790992096
mp-34240,NaZnAs,42.014,15.206,65.40647350324062,45.76121267751295
mp-22863,CuI,6.287,11.412,57.818363341322154,17.81713119180187
mp-13900,Sr(CuO)2,68.022,26.331,113.18960349987766,49.45069758180092
mp-10755,TiFeSb,119.461,56.301,142.6136237231142,105.01633859172546
mp-553310,CsCuO2,29.967,12.092,46.87545426718481,27.583756999310868
mp-757,Li3As,34.809,30.48,65.26627138643765,43.29857486968088
mp-2802611,H3ClO,8.222,4.34,35.300114199248846,24.72766087743856
mp-258,ZrV2,138.858,8.879,110.92915415261066,18.788043874909345
mp-568565,CrAs,97.069,68.271,101.13858921453848,63.59848305041766
mp-29417,Na3ScBr6,14.933,6.566,32.762785290094726,17.788552340141738
mp-603347,TiNi,145.461,61.591,173.13441878892868,58.73403537002552
mp-8102,W3N4,344.254,70.766,407.66457803801256,146.79205003683649
mp-5175,NaInO2,90.689,50.611,136.4732962952128,72.28545625343946
mp-29398,Cs2HfI6,6.99,4.16,28.52865665335652,16.81384213591714
mp-4454,CeCo3B2,321.221,472.294,229.65794225744997,112.53403595244151
mp-2033,Ni3N,201.929,73.848,231.3623576782549,84.71485923972692
mp-31038,CuSe2Cl,5.622,5.1370000000000005,65.28269040091179,26.32165469727821
mp-555056,SbS2NCl6,4.891,1.901,60.7446364692971,28.388081031864974
mp-752849,Y2Pb2O7,139.254,70.675,164.45363836107433,88.90439986569163
mp-5072,Rb2HgO2,23.964,11.792,40.024404335922014,21.443298179271572
mp-864936,MnGeRu2,227.345,109.437,270.367834609403,128.54844088949469
mp-1426094,AlSnO3,152.634,53.245,149.46203835922523,77.96487938697734
mp-1552,Mo2C,295.211,151.829,342.2753664838845,187.74207469220562
mp-864788,NbInRu2,210.794,96.619,272.81998326410155,124.17446663230068
mp-549158,InCuO2,120.572,35.461,145.92901384595973,65.85819159363948
mp-997616,BaC,37.274,2.787,32.75609461918804,17.227188045986534
mp-631536,KBIr2,136.47,27.99,182.22826496221037,34.15592229122189
mp-864606,AcCuO3,163.571,81.723,212.12525914128557,105.99021701895498
mp-10695,ZnS,69.082,33.55,82.24422942561061,42.07257231674022
mp-6961,Sr(SbPd)2,69.54,20.054,96.86967685824484,33.711542111110326
mp-557266,HgO2,41.06,15.676,96.51225808829639,38.30886485420312
mp-754134,HfZrO4,203.819,98.598,242.58756441474293,108.91347117264154
mp-977310,OsAu3,183.641,15.146,213.76214564636624,47.69743520306318
mp-23709,Mg(AlH4)2,17.913,7.326,38.280005814705994,25.88565122357375
mp-30344,Li2InAg,43.023,15.372,65.02453581234116,28.98397980911441
mp-1345518,CaTi2O4,155.411,86.945,201.5431457986818,103.30703975282671
mp-11366,ZrZnCu2,121.262,42.491,173.13692020262218,71.73273462909302
mp-35035,KCN,15.286,7.891,46.22127086886906,22.932404013647723
mp-328,Zr2Ni,117.807,20.086,131.2394195222338,21.99617332086553
mp-568587,CrCuSe2,79.768,30.456,87.56647834293297,50.02422488024364
mp-23041,SbSI,6.858,45.967,53.77905225408371,30.11443195435978
mp-30825,PaRh3,212.903,92.757,235.62888463487076,98.35554408765645
mp-510557,CsN3,15.276,7.301,52.59536977220566,27.92632387797445
mp-30472,Ca2GaCu2,53.652,25.146,69.19887723942115,29.22195308373963
mp-1216966,TiCrB4,277.905,223.639,336.1013548461248,288.22511695593636
mp-1039106,SnBi,49.232,5.49,55.115636189701355,-8.9237674637534
mp-867979,LaInHg2,52.025,11.561,81.38561827374018,28.405596494059147
mp-7364,Ca(SiAu)2,93.089,36.257,124.20603486121735,47.02850973106235
mp-10010,Al(CoSi)2,187.321,97.117,241.97627357669862,139.75268942408582
mp-92,Si,107.613,62.896,138.39670078351205,72.43225124743815
mp-242,SrB6,144.836,110.605,199.23995569355122,159.77826241896233
mp-16488,Al9Co2,107.487,72.22,140.8437488048256,81.32212982354747
mp-30080,Li2GePd,62.413,22.035,98.2348758639611,34.68850451613531
mp-30658,VGaNi2,167.969,38.51,210.09557023313025,83.21498151461361
mp-570557,NbCo3,199.865,38.258,226.82162373297135,85.79918734029174
mp-975868,Li3Al,26.875,18.203,43.86267239461912,10.817430475411852
mp-505198,CsCu4Se3,37.252,15.102,76.28877822473993,28.251233288935392
mp-770649,Li5NbO5,99.64,64.543,175.73380601422295,100.2859085489383
mp-1018121,TiPd2,160.261,99.939,211.07700658962744,45.367646563583165
mp-20214,UGa3,83.085,52.872,88.71507698651453,58.68941421895553
mp-865113,NaNdAu2,57.865,17.696,55.002954719240286,20.940327620490816
mp-1025281,Ti2NiSe4,69.621,41.997,95.83238739256234,58.41519215288229
mp-8932,Cs2SiP2,15.288,8.595,41.70493542587981,26.235392920096135
mp-982245,PbAuO3,132.88,48.968,171.0297045969976,52.31882369334257
mp-982780,K3Cd,5.074,2.625,5.5392129301125985,2.82437100185704
mp-16482,TiAlAu2,138.455,26.152,159.98506605159812,46.87485806133917
mp-1025377,Cd(AgI2)2,10.114,5.05,29.620321073604185,10.574945941594684
mp-20106,Li2NdSb2,41.162,21.469,51.844118193548766,32.909082916827174
mp-22541,MnNiSb,98.538,0.5750000000000001,106.70099822053922,27.01583495475
mp-982070,VIr,270.236,116.36,279.5334992885309,133.03994497794966
mp-865871,Li2ZnAu,46.741,4.542,69.74560993201614,18.96743801723218
mp-30683,ZrGa2,99.541,62.966,124.26701757538177,72.00476122486376
mp-567220,Hf2SbP,122.772,69.177,145.28927390881287,96.67503640941239
mp-1734,CaZn5,59.683,35.088,89.68800400373864,43.68419369917004
mp-862431,Sc2AgOs,123.096,45.47,157.23402415606867,63.704404819618496
mp-569270,V3B4,278.729,233.825,419.157284270464,307.30812310420436
mp-567203,La(SiOs)2,136.757,80.697,197.5360654456166,100.67023002313356
mp-866109,HoNbOs2,200.406,84.188,258.1229499339166,81.48551004601542
mp-974253,HoErZn2,62.845,30.971,58.13482034332186,30.433420081195464
mp-755323,DyClO,69.64,32.308,114.04644111393364,52.07733540801832
mp-865533,Ti2ReOs,240.23,110.684,268.72929888987005,123.60076641713765
mp-30846,Sn3Pt2,102.187,30.087,128.129362347572,58.541624139154855
mp-1029531,Sr3ReN3,58.683,28.697,110.09939140160175,60.03316479517402
mp-2205,LuPd,102.592,40.255,104.22344191409847,35.72660168439312
mp-20290,TbCuPb,69.232,45.363,93.6965362582054,52.13740918342484
mp-28770,Ca2FeN2,77.679,42.257,118.61296469269776,73.15132423131848
mp-1009848,TcC,239.569,47.813,218.20695362146253,82.83017308510823
mp-21910,Nd3AlN,32.77,10.085,15.131443709210647,-10.588179025031115
mp-20697,ZrNiSb,133.345,55.766,159.14481569468825,77.43504420951457
mp-13459,NaCdSb,32.293,13.704,43.8402478646152,24.24375262520257
mp-3208,ZrGeTe,52.592,43.277,97.86314230746748,66.30772622730946
mp-4043,NbCu3Se4,33.566,22.259,87.35893471899236,43.52886117897455
mp-867902,LiSiRh2,186.513,102.23,247.06909640223734,125.58314659747367
mp-1018107,ZrTe2,13.477,13.397,59.66011494616017,38.18939980797414
mp-1025167,Hf(VGa2)2,133.265,85.459,173.02857909042558,108.67194055081922
mp-570791,SiC,213.212,187.261,260.73410086372417,233.67078244000635
mp-35841,Li2CuGe,58.787,40.226,95.827659086714,57.752727043939764
mp-3387,CaSiO3,214.891,122.375,280.06505223531906,180.3997806034577
mp-11375,EuHg,41.48,17.948,47.10343814378781,20.89200336976189
mp-319,Sm2Tl,48.346,18.805,37.27411296955882,17.877726752585982
mp-12059,Sm(PRu)2,142.12,93.691,176.39608060163738,87.6728739709204
mp-865507,VSiRu2,250.046,119.671,300.45564377089966,127.05732487861412
mp-978552,SiRh3,238.173,104.483,288.88461457784405,105.13425820477785
mp-867158,SmCd3,56.236,23.153,59.752649274224105,25.44286910799204
mp-985438,Ce2CdHg,77.089,16.069,56.46644906831519,12.369379844836569
mp-10402,TiTl2F6,25.672,7.213,78.87843005677244,37.315657982948274
mp-866116,HoTaRu2,183.596,73.942,222.1530394265742,65.8604227655177
mp-862372,Sc2RuRh,148.186,63.627,161.93451883476777,71.2471138000142
mp-1018649,BC5,376.878,331.922,345.5247537878725,366.7221349964697
mp-21374,Cd(InTe2)2,20.89,12.794,44.09812816948522,23.526276035769005
mp-972257,LaTb3,34.964,19.382,25.513056641856437,25.083531143695435
mp-984240,CsCaO3,40.397,10.838,39.829630792388365,14.09987902156554
mp-10256,VTe,62.066,40.094,48.62482172144085,36.24221624951629
mp-16521,Al3Os2,202.423,117.084,260.20686910652864,167.20118440745463
mp-865713,Li2TlBi,30.009,22.827,41.1768414148675,20.83329760465813
mp-1025288,TbGa5Co,92.096,54.393,110.72379272257673,67.60993784549159
mp-7163,Tb,40.344,25.572,24.395123507243582,21.126737964123997
mp-568806,C,112.835,71.286,182.9784645496053,104.76165332139007
mp-861510,Pr2SnHg,53.848,19.059,45.04743858421293,8.507961447572427
mp-11517,NbRu3,254.366,135.775,305.44609272387214,130.78556866325016
mp-30363,BaAu2,44.664,16.757,58.25930782810909,25.951124608035784
mp-13181,LaF3,125.291,12.21,150.54889127486635,32.63533527745537
mp-570910,Rb2CrCl4,20.171,9.206,30.98384837589738,16.354856912427568
mp-13095,YAlNi,92.941,38.915,103.79558054150415,47.52402749423621
mp-2334,DyCu,71.228,31.884,59.599621681783866,23.362840974733743
mp-20211,Mn3Si,227.244,100.274,149.03497049247454,87.67369047373687
mp-12765,GdC2,82.475,40.245,157.5655056058537,67.04156612365797
mp-961696,MnCoSi,181.264,72.168,170.970593975901,76.03935851318947
mp-448,CoN,248.591,47.951,272.2370538129293,68.96472307947214
mp-3747,Ti3AlC2,158.241,128.029,241.6186753531973,147.68932104585355
mp-1016826,MgIrO3,172.48,16.076,201.12361234600633,33.97691603501024
mp-8161,CaPdF4,75.302,30.762,104.87525336931779,44.98840846743183
mp-2468774,LiCuS,62.759,30.22,103.56371762679504,50.662405315527295
mp-2659,LiN3,35.899,18.796,103.22012010768523,58.00270475926067
mp-1447,SmSe,76.17,29.406,56.9596499681036,40.95427925770692
mp-22486,Tb(MnGe)2,115.215,64.592,85.3849984062165,63.826383156821514
mp-4064,Ca(NiP)2,105.433,73.682,146.91202866945622,74.29483367143395
mp-141,Yb,14.467,12.032,20.655498049174433,18.36651162934145
mp-10021,Ga,55.429,46.698,58.76225408998796,16.644663695630367
mp-5055,Na6MnS4,30.501,13.834,43.62472606814606,27.94886703638241
mp-983908,Er2ZnAu,77.836,35.198,75.46880599446929,29.039606573749293
mp-1377,ThCu2,94.521,32.47,111.86417350898134,27.45845359238063
mp-22446,Li2PrSb2,41.299,21.813,53.578401794227425,33.98020023658149
mp-2845,SbPt,121.63,33.728,126.68693036117092,52.879427904239975
mp-866001,AlVRu2,236.108,125.212,272.84879747905416,139.72011535108174
mp-6319,Na2MgAlF7,64.198,40.586,105.4891018672277,59.19229194497983
mp-1016296,SrMg6Mo,39.303,25.678,51.84345914458279,25.780172805730068
mp-3456,Tb(CuSi)2,119.971,76.235,143.19200793977538,83.17612802627784
mp-4492,MnCo2Si,218.693,111.468,267.41102864428746,153.94851717389076
mp-567191,CaAlSi,55.59,38.055,62.4376029119615,50.845494445233534
mp-865753,YbErPd2,79.277,27.507,85.5826741758102,26.640337922732165
mp-1025069,PrSn2,53.735,30.622,57.53601510080331,30.138556486188595
mp-4895,UTeAs,71.159,29.644,75.91199272750784,47.82329036497666
mp-11482,MoIr3,337.003,189.314,436.68813741356456,213.96306679413055
mp-684597,InSb,47.174,18.782,60.081487342071235,24.877241686279778
mp-2589,MgO2,129.089,86.082,197.9088720828229,128.5176454133555
mp-865615,GaSiRu2,228.828,88.656,282.8589145348491,152.52720519231212
mp-4249,Hg(CO2)2,44.013,20.522,112.06020127622769,66.17109293164073
mp-22204,Co2P,223.42,75.138,271.82093357443375,132.01753948590857
mp-20595,Eu(AlSi)2,61.992,42.25,73.4980701519867,54.88684045112682
mp-2784,Na2Te,19.229,11.389,25.129046637066654,16.02900242348019
mp-12990,Ti2AlC,137.103,115.936,205.39327630328702,123.6719486740069
mp-568912,Be12Nb,134.036,144.017,172.98273010589367,164.86307558421743
mp-1009695,CaB2,121.439,104.665,157.25969007333984,121.7485347622572
mp-1549,TbPt3,169.757,71.121,202.52658132566955,53.74297119707924
mp-23060,Cs2PtI6,7.331,3.998,36.85783426424673,20.454938254802475
mp-30737,YMgAg,54.978,36.231,68.50861651811061,24.13945252541938
mp-13334,ZnSnO3,164.367,62.67,208.3752160450891,104.59907475966928
mp-546279,ScBrO,22.781,13.41,94.85260418546632,50.848957848145346
mp-4864,CaMgSn,40.739,28.662,55.53246947744587,42.80044231734183
mp-556382,EuClF,48.258,23.338,72.32321525244299,34.47560740770082
mp-567590,LuOs2,218.705,75.807,250.07392374284518,84.23433818976157
mp-865989,Al2IrRu,218.535,127.182,253.4652094705723,163.6383102951892
mp-864672,NbSiTc2,245.129,86.818,275.0255013938317,128.8073666254391
mp-9386,CsAu3Se2,7.606,2.961,58.96952077001778,16.83149483249774
mp-11478,GaAg,65.386,7.734,89.99743766061651,-2.7538900637246475
mp-601257,DyCuPbSe3,45.811,23.788,70.58344153993247,36.73105946350424
mp-8842,CaSiPd,65.66,32.776,103.74734748107727,49.48867812428977
mp-10074,GeSe2,13.587,10.677,54.57766563139574,29.46630480200863
mp-865378,LuSnRh2,142.714,236.351,178.2870784560882,67.03871802564227
mp-27164,FeP4,136.947,112.471,163.08374569303507,124.83198099947127
mp-1219553,RbBH4,11.822,7.082,37.49508867495311,30.668326676439584
mp-631377,Re2PtRh,293.668,233.098,312.19695489602896,-153.35654984082547
mp-22685,TbInCu2,90.141,43.172,113.46324826404995,53.66677351311611
mp-867361,CeTlAu2,83.944,20.109,96.39312898267359,28.90343782383961
mp-980192,YbOs3,224.333,46.685,270.78391655542254,74.03988843984376
mp-976838,Ni3Au,173.553,46.299,207.36283396837305,78.30709546561064
mp-1319,ZrTe,88.453,48.267,107.77987961778837,53.397044239043915
mp-1025150,Cu2WSe4,30.602,11.26,80.71636732554974,30.46642505242108
mp-21844,UTl3,51.996,27.469,70.72826919733568,26.585480509318277
mp-29152,Zr2CoP,158.429,79.053,178.67092555654943,91.5344136030719
mp-3982,KCuO2,34.178,17.182,60.68600975774856,38.73916817349923
mp-980094,TiPd,151.922,87.665,173.0948870703598,50.60800987017612
mp-7601,NbGaO4,162.98,59.533,236.30397276366136,107.54437248620587
mp-582034,SiC,213.198,187.685,259.7301780064948,234.20884568421533
mp-1949,TiMn2,181.973,54.384,63.57326686955212,58.49068636572732
mp-7473,LiCu2Si,105.396,55.803,160.65985561417253,82.68120684729067
mp-2172,AlAs,67.291,39.773,72.96168540598991,51.54149405868584
mp-760414,Ti3PdO,170.984,45.205,194.091785321591,88.17568053548403
mp-9124,LiZnAs,53.606,40.964,74.36930079669636,57.59418641652159
mp-1189382,La2Co7,340.64,37.755,107.52228333878406,26.58730375977133
mp-5540,SrB4O7,147.126,118.908,279.1710302613472,178.9305706490959
mp-1013553,Sr3AsP,31.673000000000002,21.339,33.032385992622515,22.41938750427904
mp-23794,H4NF,30.444,6.912,81.0980455827579,53.4741458029258
mp-1013708,Ba3SbN,17.51,7.688,13.817086286957212,3.245396759439802
mp-972879,Sc2RuAu,125.306,30.673000000000002,151.8163219274874,58.430658039539004
mp-1057,Al3Ni2,131.24,87.345,171.75122193095885,112.10022586142055
mp-2516584,C,113.32,87.786,122.94600953387499,83.62179184457719
mp-975905,Mo3I,178.725,20.22,202.80386783550347,31.97625013104861
mp-23189,BI3,0.806,0.637,27.29177326588926,14.414620862768375
mp-864884,DyCdHg2,63.398,20.259,70.54434465764605,23.552228103340394
mp-3792,YAlO3,190.06,111.803,249.14417369700502,142.73695873481793
mp-8884,ZnTe,42.546,22.507,54.33585328038172,37.40279561318762
mp-973622,K3Sr,4.901,1.584,5.539386228456019,2.142030949908671
mp-30953,GaBr3,0.727,1.064,40.23814283465951,17.040218729081136
mp-3097,Tb(SiRh)2,152.124,89.341,181.0384264074927,91.16121911117203
mp-15800,Ti3PO2,181.87,66.326,159.04775519247266,64.80012944593837
mp-1217964,TaB2Mo3C2,315.136,199.102,376.3181541546355,225.44842594887376
mp-11147,Na5CuSO2,35.442,18.576,56.42003796534672,33.06413029695674
mp-1009828,BaSiC,24.222,20.55,39.13033013714293,18.000367161081346
mp-31136,Lu2NiSn6,65.165,38.649,86.61535302791302,49.538926942523275
mp-1008395,C,401.484,421.283,450.9184120097284,424.7543275665956
mp-1018149,ScCu2,101.63,42.846,139.4571654770558,57.91431949566858
mp-961713,ZrSnPt,133.908,63.302,204.3764673684885,110.25549702307833
mp-2977,CuAgTe2,20.693,10.103,70.1203591368921,28.010022029347393
mp-132,Ca,17.349,10.874,19.440375904648814,11.73407898188803
mp-5920,LiAlGe,55.853,50.642,76.29599950604336,64.58614795889552
mp-2536,Ni2B,238.119,98.426,316.26778698931935,140.62087436788116
mp-3679,NiSbS,84.973,51.865,136.50416599973917,68.19885650634976
mp-567724,TaSe2,19.6,11.97,100.19674758897894,64.38766450966408
mp-862886,CaPmPt2,87.525,34.909,94.48440978947981,23.670987091390316
mp-1191630,ScCoB4,223.874,172.568,281.6480369848354,200.2926883553647
mp-76,Sr,10.978,5.411,11.87042452916543,7.053093316497179
mp-976784,NiAu3,144.369,20.114,167.96241948921337,33.22140994780395
mp-999558,Mn2SiNi,198.379,89.79,153.00002479271058,88.02497774388758
mp-542264,BaNaCe2C4O12F,74.92,34.761,135.85194465311335,77.95625193643345
mp-4002,Li2ZrF6,58.042,35.314,125.91587248259395,56.225653282417156
mp-1013714,Ba3SbAs,19.616,10.293,30.392274816197084,10.5031122108857
mp-23341,Bi2Pt2O7,179.413,76.076,215.32275000399116,111.59320306472841
mp-866005,Dy2TlCd,57.964,25.723,51.916042548906006,19.3300919500568
mp-972549,SmLu3,43.336,28.525,39.30870107904943,29.094293673626474
mp-631322,KSnOs,58.658,15.074,62.599941123727845,41.042771887046904
mp-2811,MoN,332.975,196.526,432.4434328941068,211.55177452933887
mp-28233,MnCl2,7.158,4.202,57.140943605469815,20.804176392726603
mp-1558,SrPd2,80.634,31.664,101.50965064586998,40.438138165337456
mp-1009657,CaN2,82.688,39.226,118.66873343604016,58.26242737330393
mp-890,NdIr2,183.307,78.105,197.52845970638015,65.48179963398233
mp-1153,Li2S,40.49,33.875,50.08707264586991,38.474157902046855
mp-941221,Li(BH)5,16.486,10.386,116.43619284491803,108.03060293781235
mp-11364,TiCu,129.327,49.243,160.42379178475926,47.29306049684283
mp-9274,Rb3Sb2Au3,15.491,5.4879999999999995,46.83317725496024,15.728872169015276
mp-977589,Tm2TlCd,60.245,24.389,55.530977816166484,24.05219719038638
mp-1007760,Ge,59.529,45.231,87.06953522051434,71.92048583134091
mp-555678,Na4Ti5O12,133.543,60.956,200.76487507656395,103.17082757622799
mp-19761,LaGe2,62.983,17.74,80.70276670124962,31.901164297116562
mp-6980,ScCuS2,79.868,37.063,111.65595758813836,59.048716502136486
mp-742,Ti2Cu,130.928,54.059,172.0045967193878,54.23789914346683
mp-12884,Hf5Te4,77.308,36.907,120.07026752811097,63.29281348899612
mp-867372,ThCdAg2,82.451,19.287,114.71952204471975,35.47933040302132
mp-862288,AlFe2W,238.376,45.537,230.00032532185702,132.67067110292987
mp-862870,LiTcO3,194.213,79.846,207.7295766543732,84.94222264410767
mp-867810,LiYHg2,52.184,12.474,77.84293971802812,31.56442327505649
mp-2680,LaB6,181.75,134.517,215.38117321827363,162.3000035442392
mp-2027,HfCo,123.98,60.459,170.03291894638653,106.66166586345274
mp-7463,Cu3P,124.032,41.154,168.2129077270418,66.39157958175853
mp-776320,CuAsO3,50.551,6.569,212.78865037306664,109.55084935716853
mp-1774,ErB2,171.507,164.724,183.72119700274718,167.28570772609663
mp-946,PrIr2,179.692,75.41,191.22692670258675,55.325421201167664
mp-8122,ErCuSi,97.809,63.774,99.73910214398187,56.013184600704406
mp-867874,BeVRu2,241.663,90.582,259.1531047891855,119.76252004811118
mp-2606,BaPd5,99.329,39.724,128.62899166331454,49.5494101996028
mp-22154,In2Au,53.29,13.931000000000001,84.89254029050926,32.375391785134546
mp-644481,ScO,184.583,103.187,279.86626190881327,184.27768630706723
mp-865671,Y2ZnIn,59.596,33.082,65.48734382601062,30.752179032199745
mp-9385,RbAu3Se2,9.541,3.555,61.030763482716644,17.306504180912345
mp-10778,RbPrSe2,31.371,18.356,46.06455016590604,22.318857963520372
mp-865964,Li2CaSn,34.099,27.664,60.21753569380203,51.331228289913874
mp-4793,U(SiPd)2,141.952,48.272,162.7106684787198,70.86238431864774
mp-11256,ScAu,103.841,41.675,122.69323094009374,48.286406595338434
mp-570157,ZrBrN,22.365,16.412,120.74610807570399,67.59916776751584
mp-861872,Ac2HgGe,47.445,14.917,60.390401335167994,14.060979964125432
mp-1378,LiC,40.769,30.156,77.44520811443749,53.76489680259352
mp-867242,Sc2ZnGa,78.569,46.4,96.37230395139107,51.25809763386855
mp-865563,LuZnPd2,111.102,18.066,136.45143103693562,33.06184094199351
mp-1008527,B2CN,326.549,315.747,318.17218553606216,289.3790942814316
mp-129,Mo,262.529,117.048,292.64890225980935,98.15470137678199
mp-9577,Ca3(AlSi)2,49.839,35.571,59.728444753945766,44.764441647284606
mp-20994,TaO2,255.403,113.66,305.4703905345027,150.51087934709062
mp-976321,Li3Pr,20.736,1.26,10.897024728833381,7.7829616752913955
mp-281,YbCo2,93.676,14.307,106.45560478216139,32.65243661983637
mp-810,NiSb,108.123,50.253,141.9105151054012,82.38026279448525
mp-1009019,FeN,200.505,84.859,331.0921693032907,103.42810704992911
mp-542065,CdAgSb,58.715,6.418,79.0028729271704,24.773715402103562
mp-7622,KSO4,21.988,11.3,109.91304907056019,71.71012936775067
mp-15963,HfPRu,220.115,95.48,252.00605393745957,103.43398143844642
mp-1016197,MgSiAs2,57.986,28.695,74.44389895437908,43.25279281617925
mp-983567,CaAc3,22.937,13.541,22.492115923064652,16.197809660388423
mp-747,BaPt2,103.144,39.324,142.53576395262144,52.669143514780444
mp-2012,LiHg,32.253,13.906,49.492695176119824,19.744698420745873
mp-972960,La2IrAu,86.527,12.239,100.129935331531,22.07253918250457
mp-11733,Lu3InN,95.187,72.27,105.8465104743486,73.166220056327
mp-999190,SmCoC2,151.847,90.299,162.5347067256407,97.4398142959212
mp-979422,YGaAu2,85.925,3.029,125.82911157216203,31.536032591308214
mp-569426,SrZn2,35.093,14.647,50.12077598214854,23.429585826783057
mp-13548,Cs2Pt,12.618,4.817,22.91986263660578,12.577957165549067
mp-775910,ZrO2,188.21,98.43,281.4500033477468,122.60761950824893
mp-985831,HfSe2,16.811,12.019,91.97250596351324,56.069019784855435
mp-2668,Mn3As,121.507,44.278,44.10862241127723,51.37176395758471
mp-11553,TlPt,62.299,7.605,70.38947173624136,18.830772304800703
mp-1039148,CaMg,25.36,14.975,27.358475985844322,18.98951920374973
mp-568880,YInPd2,102.492,30.541,127.0498797385787,42.26414075732865
mp-464,HoSe,82.998,29.485,65.64526139381181,41.424853640691055
mp-12104,NbSi2,175.016,142.771,223.78819944145522,159.76347552826223
mp-492,TiN,278.511,191.577,376.7301132165161,204.81382679390705
mp-862258,Sc2ZnPt,112.221,7.036,134.7012394300032,58.51395188514763
mp-11597,NdBPt3,170.929,60.983,198.66445839355356,54.55425945556941
mp-22256,NdMnSi,56.943,32.522,61.06058480866643,41.95482780354269
mp-1159,Zr2Fe,123.018,31.901,106.80441800904265,34.03139837445594
mp-1004377,HfB6,181.947,16.36,164.41032415889256,25.359038152530953
mp-552738,TmBi2IO4,68.302,37.095,130.66761584805815,61.89015310345798
mp-973067,ScGa2Ru,128.767,23.656,156.14482608716887,29.83968887164844
mp-19747,Ni3(PbSe)2,57.203,17.818,106.31889041625409,43.2361648837229
mp-1029776,Li2GeN2,83.069,43.636,156.68293364870212,114.66855194432998
mp-976356,NdSc3,44.174,24.132,36.6275981709384,29.380683171778188
mp-10185,Mg3ZnC,62.165,37.249,79.08249586943093,50.86565120680361
mp-22934,K2PtCl4,12.029,6.6690000000000005,31.164441054378972,18.800796811431326
mp-2030,RuS2,172.042,121.491,235.58595267216336,138.25007096023785
mp-865936,LiSc2Tc,82.734,32.676,102.56578632001565,40.900698523405296
mp-1009769,RuN,281.889,287.292,419.55667657367826,39.39526626733762
mp-540839,CsPbI3,9.811,4.607,21.943354513855585,11.470492804804442
mp-21022,Nd3InN,75.749,52.058,63.82199630394616,45.537161340829684
mp-554822,CsSb(PO4)2,28.723,27.719,138.95473822567882,89.39007315161636
mp-569815,Si2Ru,183.66,108.94,262.0435584599464,131.9289203479398
mp-22925,AgI,25.685,6.593,37.03054193236921,9.801414490781676
mp-568619,SiC,213.208,188.038,261.2317532619826,228.98994129758788
mp-1009831,TaN,312.497,189.096,442.1295668941102,201.4292819660771
mp-9850,DyP5,66.326,42.871,88.34526929596055,54.198758674491955
mp-1569,Be2C,200.504,228.81,223.55598416067915,268.6665848279506
mp-23764,Mg3Si2H4O9,63.515,35.137,173.60284189784625,108.61708710817933
mp-865999,YbTlPd2,82.283,15.978,110.01720638918022,30.833175721322927
mp-5782,AlAgS2,62.691,21.746,78.8951028779701,34.87993652850672
mp-1428312,AgN,147.992,27.861,127.61408176375483,-49.227833232245786
mp-753326,LiAg2F6,50.447,17.197,81.64508382645462,22.47856742448001
mp-1420858,BiN,116.636,6.697,161.90779738399945,25.63387614990267
mp-2394167,VN,299.032,148.726,318.4843786980469,143.39783023609783
mp-37,Th,55.005,39.908,68.36994048828078,36.13252812577791
mp-972925,ScZn2Au,98.751,37.129,135.50009937936338,54.75538876562495
mp-309,ThAg2,83.938,36.124,113.70260607311292,39.32257242846611
mp-1020011,Li14P2(N2O)3,83.023,68.471,150.14278728821185,111.2575351999849
